USN ,Gender,Age,12th marks %,rural/ urban area ,Section,Why take this course?,Which teaching methods helped your learning? ,Were you prepared to take this course based on prior coursework?,"How much time did you spend weekly on this course outside of class for C01?
",How much time did you spend weekly on this course outside of class for C02? ,How much time did you spend weekly on this course outside of class for C03? ,How much time did you spend weekly on this course outside of class for C04? ,What level have you achieved in the course outcomes for C01?,What level have you achieved in the course outcomes for C02?,What level have you achieved in the course outcomes for C03?,What level have you achieved in the course outcomes for C04?,What were the key aspects of your efforts in CO1?,What were the key aspects of your efforts in CO2?,What were the key aspects of your efforts in CO3?,What were the key aspects of your efforts in CO4?,"
How satisfied are you with C01?","
How satisfied are you with C02?","
How satisfied are you with C03?","
How satisfied are you with C04?",List strategies for learning the course outcomes for C01,List strategies for learning the course outcomes for C02,List strategies for learning the course outcomes for C03,List strategies for learning the course outcomes for C04,"How many marks will you give yourself for C01? 
","How many marks will you give yourself for C02? 
","How many marks will you give yourself for C03? 
","How many marks will you give yourself for C04? 
","If your marks are low in C01, who do you blame for your performance?","If your marks are low in C02, who do you blame for your performance?","If your marks are low in C03, who do you blame for your performance?","If your marks are low in C04, who do you blame for your performance?",Explain briefly your rationale for you choice to the previous question,Were class activities allowed to be submitted after the class timing? [CO1],Would more faculty concern improve your learning in C01?,Would more faculty concern improve your learning in C02?,Would more faculty concern improve your learning in C03?,Would more faculty concern improve your learning in C04?,Would more outside help improve your learning in C01?,Would more outside help improve your learning in C02?,Would more outside help improve your learning in C03?,Would more outside help improve your learning in C04?,Your overall feedback about the course,Write a paragraph about your course experience.
1RVUBSC23016,Female,23,74,Urban,IDA_B,"Fulfills general curriculum/education requirement;Required (Core) for Program, Minor, or Specialization;Interest in the subject","Lectures, including online lectures;Class discussions, including online discussion boards;In-class clickers or other quick response methods;In-class learning activities, other than discussions;Teamwork or group activities;Student presentations",No,R4,R4,R5,R5,R6,R6,R6,R6,R6,R6,R6,R6,R1,R2,R2,R2,R4,R4,R4,R5,3,3,3,3,NA(marks >2),NA(marks >2),NA(marks >2),NA(marks >2),The given assignment and the explanation done in classes were good.,No,NO,NO,NO,Yes,NO,NO,NO,NO,Good (70 - 90%),It was different but go to learn to analyze the data properly then before
1RVU23BSC061,Male,19,83%,Urban,IDA_B,"Required (Core) for Program, Minor, or Specialization;Interest in the subject","Lectures, including online lectures;Class discussions, including online discussion boards;In-class learning activities, other than discussions;Projects or portfolios;Teamwork or group activities",Yes,R6,R6,R6,R6,R7,R7,R7,R7,R5,R5,R5,R5,R1,R1,R1,R1,R5,R5,R5,R5,4,4,4,4,NA(marks >2),NA(marks >2),NA(marks >2),NA(marks >2),.,No,NO,NO,NO,NO,NO,NO,NO,NO,Excellent (> 90%),It was nice.
1RVU23BSC073,Male,20,65,Rural,IDA_A,"Fulfills general curriculum/education requirement;Required (Core) for Program, Minor, or Specialization;Interest in the subject;Reputation or peer recommendation of the instructor (faculty);Fits into my schedule","Lectures, including online lectures;Class discussions, including online discussion boards;In-class clickers or other quick response methods;In-class learning activities, other than discussions;Outside-class homework, readings;Projects or portfolios;Teamwork or group activities;Student presentations",Yes,R5,R5,R5,R5,R6,R6,R6,R6,R2,R2,R2,R2,R2,R2,R2,R2,R4,R4,R4,R4,4,4,4,4,Yourself,Yourself,Yourself,Yourself,I will blame myself beacuse teachers gave there 100 percent in teaching me,No,Yes,Yes,Yes,Yes,Yes,Yes,Yes,Yes,Excellent (> 90%),Good
 1RVU23BSC157,Female,18,88%,Urban,IDA_B,Interest in the subject,"Lectures, including online lectures;Teamwork or group activities",No,R1,R2,R2,R2,R6,R6,R6,R5,R1,R1,R2,R1,R3,R2,R2,R3,R3,R3,R3,R3,4,4,4,4,NA(marks >2),NA(marks >2),NA(marks >2),NA(marks >2),i will blame myself becouse not learning is mistake.,No,NO,NO,NO,NO,NO,NO,NO,NO,Good (70 - 90%),this course was very intersesting to learn . and ever class gives new experience to learn.
1RVU23BSC088 ,Female,18,93.33%,Urban,IDA_C,"Fulfills general curriculum/education requirement;Required (Core) for Program, Minor, or Specialization;Interest in the subject;Advisor recommended the course","Lectures, including online lectures;Class discussions, including online discussion boards;In-class learning activities, other than discussions;Outside-class homework, readings;Labs;Projects or portfolios;Teamwork or group activities",Yes,R1,R1,R1,R1,R6,R6,R6,R6,R5,R6,R5,R6,R2,R3,R3,R3,R4,R4,R4,R4,4,4,4,3,NA(marks >2),NA(marks >2),NA(marks >2),NA(marks >2),-,Yes,Yes,Yes,Yes,Yes,NO,NO,NO,Yes,Excellent (> 90%),Overall feedback about the course is good and helpful for further academic year
1RVU23BSC001,Male,18,70.4,Urban,IDA_B,Interest in the subject,"Lectures, including online lectures;Class discussions, including online discussion boards;In-class learning activities, other than discussions;Outside-class homework, readings;Projects or portfolios;Teamwork or group activities;Student presentations",Yes,R2,R2,R2,R2,R7,R7,R7,R7,R7,R7,R7,R7,R3,R3,R3,R3,R5,R5,R5,R5,5,5,5,5,NA(marks >2),NA(marks >2),NA(marks >2),NA(marks >2),Understood everything in the subject.,No,NO,NO,NO,NO,NO,NO,NO,NO,Excellent (> 90%),Favourite course in the semester. Had interest in all the classes.
1RVU23BSC059,Male,19,71,Rural,IDA_A,"Fulfills general curriculum/education requirement;Required (Core) for Program, Minor, or Specialization;Interest in the subject","Lectures, including online lectures;Class discussions, including online discussion boards;In-class clickers or other quick response methods;In-class learning activities, other than discussions;Outside-class homework, readings;Projects or portfolios;Teamwork or group activities;Student presentations",No,R2,R2,R2,R2,R7,R7,R7,R7,R5,R5,R5,R5,R3,R3,R3,R3,R5,R5,R5,R5,5,5,5,4,Yourself,Yourself,Yourself,Yourself,It would mean that I have not understood and did not clarify any of my doubts and have not prepared as the teachers have explained everything in detail,Yes,Yes,Yes,Yes,Yes,Yes,Yes,Yes,Yes,Excellent (> 90%),"I enjoyed the course throughout and learnt a lot, both the teachers assigned to our class to teach have been very helpful and made the class fun and easy to learn, trying out activities on our own and creating projects for our own understanding in a deeper level has helped me a lot in the class"
1RVU23BSC134,Male,18,78%,Urban,IDA_C,"Fulfills general curriculum/education requirement;Required (Core) for Program, Minor, or Specialization","Lectures, including online lectures;Class discussions, including online discussion boards;Projects or portfolios;Teamwork or group activities;Student presentations",No,R2,R2,R2,R2,R6,R6,R6,R6,R1,R1,R1,R1,R2,R2,R2,R2,R4,R4,R4,R4,4,4,4,4,NA(marks >2),NA(marks >2),NA(marks >2),NA(marks >2), ,Yes,Yes,Yes,Yes,Yes,Yes,Yes,Yes,Yes,Excellent (> 90%), 
1RVU23BSC122,Female,19,70,Rural,IDA_C,Fulfills general curriculum/education requirement;Interest in the subject;Fits into my schedule,"Lectures, including online lectures;Class discussions, including online discussion boards;In-class learning activities, other than discussions;Projects or portfolios",Yes,R2,,R5,R6,R6,R6,R6,R6,R5,R5,R10,R5,R1,R2,R5,R4,R4,R4,R5,R5,4,4,4,4,Yourself,Yourself,Yourself,Yourself,I blame myself for every outcome i have got and thank faculty for thier support.,No,NO,NO,NO,NO,NO,NO,NO,NO,Excellent (> 90%),I am happy with the outcome i have got and knowledge i have earned.. It was difficult at the start but faculty made it easier for every student.
1RVU23BSC147,Male,18,75,Urban,IDA_C,"Fulfills general curriculum/education requirement;Required (Core) for Program, Minor, or Specialization;Interest in the subject;Fits into my schedule","Lectures, including online lectures;Class discussions, including online discussion boards;In-class clickers or other quick response methods;In-class learning activities, other than discussions;Outside-class homework, readings;Projects or portfolios",Yes,R4,R4,R4,R4,R7,R7,R7,R7,R5,R5,R6,R5,R3,R3,R3,R3,R4,R4,R4,R4,4,4,4,4,NA(marks >2),NA(marks >2),NA(marks >2),NA(marks >2),I learnt a lot and I enjoyed it ,No,NO,NO,NO,NO,NO,NO,NO,NO,Excellent (> 90%),It was excellent 
1RVU23BSC046,Male,18,70,Urban,IDA_B,"Fulfills general curriculum/education requirement;Required (Core) for Program, Minor, or Specialization;Interest in the subject","Lectures, including online lectures;Class discussions, including online discussion boards;In-class learning activities, other than discussions;Teamwork or group activities",Yes,R2,R2,R3,R4,R7,R7,R7,R7,R1,R1,R1,R1,R1,R1,R1,R1,R5,R5,R5,R5,5,5,5,5,NA(marks >2),NA(marks >2),NA(marks >2),NA(marks >2),I practiced alot and memorized facts about the subject,Yes,NO,NO,NO,NO,NO,NO,NO,NO,Excellent (> 90%),It was overall a good experience and subject for My learning 
1RVU23BSC035,Female,18,77,Urban,IDA_C,"Fulfills general curriculum/education requirement;Required (Core) for Program, Minor, or Specialization;Interest in the subject","Lectures, including online lectures;Class discussions, including online discussion boards;In-class clickers or other quick response methods;In-class learning activities, other than discussions;Teamwork or group activities;Student presentations",Yes,R3,R3,R4,R4,R6,R6,R6,R6,R5,R5,R2,R3,R1,R1,R2,R3,R5,R5,R5,R5,5,5,5,5,NA(marks >2),NA(marks >2),NA(marks >2),NA(marks >2),.,No,Yes,Yes,Yes,Yes,Yes,Yes,Yes,Yes,Excellent (> 90%),"The guidance from experienced instructors and the collaborative atmosphere within the course community have contributed significantly to my understanding of INTRODUCTION TO DATA ANALYSIS 2. Overall, the course was excellent and enjoyed learning."
1RVU23BSC160,Male,18,80,Urban,IDA_B,Interest in the subject,"Lectures, including online lectures;Class discussions, including online discussion boards;In-class learning activities, other than discussions;Outside-class homework, readings;Student presentations",Yes,R2,R2,R2,R2,R7,R7,R7,R7,R5,R5,R5,R5,R1,R1,R1,R1,R5,R5,R5,R5,4,4,4,4,NA(marks >2),NA(marks >2),NA(marks >2),NA(marks >2),Good teaching. ,No,NO,NO,NO,NO,NO,NO,NO,NO,Excellent (> 90%),Teaching was good. Put in required effort
108,Female,18,86%,Urban,IDA_B,Interest in the subject,"Lectures, including online lectures;Class discussions, including online discussion boards;In-class clickers or other quick response methods;In-class learning activities, other than discussions;Outside-class homework, readings;Projects or portfolios;Teamwork or group activities;Student presentations",Yes,R4,R4,R4,R4,R7,R7,R7,R6,R5,R5,R5,R5,R3,R3,R3,R3,R5,R5,R5,R5,5,5,5,5,Circumstances,Circumstances,Circumstances,Circumstances,I've done well! Regarding project that depends on the desired outcome our lecturer expecting from us!,No,NO,NO,NO,NO,NO,NO,NO,NO,Excellent (> 90%),Extremely Good
1RVU23BSC182,Female,18,92.8,Urban,IDA_B,"Fulfills general curriculum/education requirement;Required (Core) for Program, Minor, or Specialization;Interest in the subject","Lectures, including online lectures;Class discussions, including online discussion boards;Student presentations",Yes,R3,R3,R3,R3,R7,R7,R7,R7,R6,R6,R6,R6,R1,R1,R1,R1,R5,R5,R5,R5,4,4,4,4,NA(marks >2),NA(marks >2),NA(marks >2),NA(marks >2),I tried my best to  cope  up to the number of  days I had absent ,No,NO,NO,NO,NO,NO,NO,NO,NO,Good (70 - 90%),"This course was extremely  detailed and understandable, it helped me take a deeper dive into data  analysis. "
1RVU23BSC063,Male,18,75,Urban,IDA_B,Interest in the subject,"Lectures, including online lectures;Teamwork or group activities",Yes,,R5,R4,R3,R7,R7,R7,R7,R5,R5,R6,R4,R1,R1,R1,R1,R5,R5,R5,R5,5,5,5,5,NA(marks >2),NA(marks >2),NA(marks >2),NA(marks >2),IDA2 was as fun as IAD1 and it was challenging too but though it was challenging by the help of helpful faculty the activity was fun to do.,Yes,NO,NO,NO,NO,NO,NO,NO,NO,Excellent (> 90%),"IDA2 overall experience was very good , as it plays a vital role for my career and with the helpful faculty we understood it even better and the efforts I have put into this course also helped me to do good in IDA2 exam."
1RVU23BSC102,Male,18,76,Urban,IDA_A,Fits into my schedule;Friends recommended the course,Teamwork or group activities,No,R3,R3,R3,R3,R4,R4,R4,R4,R6,R6,R6,R6,R4,R4,R4,R4,R3,R3,R3,R3,4,4,4,4,NA(marks >2),NA(marks >2),NA(marks >2),NA(marks >2),NIL,No,NO,NO,NO,NO,NO,NO,NO,NO,Good (70 - 90%),";)Overall a good course ,but if I had put in the required effort I could have learned more about the course."
1RVU23BSC143,Female,18,92.3,Urban,IDA_A,Interest in the subject,"Lectures, including online lectures;Class discussions, including online discussion boards;In-class clickers or other quick response methods;In-class learning activities, other than discussions;Projects or portfolios;Teamwork or group activities;Student presentations",No,R2,R2,R2,R2,R7,R7,R7,R7,R5,R5,R5,R5,R1,R1,R1,R1,R5,R5,R5,R5,4,4,4,4,NA(marks >2),NA(marks >2),NA(marks >2),NA(marks >2),The concepts were understandable .,No,NO,NO,NO,NO,NO,NO,NO,NO,Excellent (> 90%),Learnt many concepts from this course it was easy to pick up on and the teaching was good to make it simpler .
1RVU23BSC025,Male,17,66,Rural,IDA_B,"Required (Core) for Program, Minor, or Specialization;Interest in the subject;Fits into my schedule","Lectures, including online lectures;Class discussions, including online discussion boards;In-class clickers or other quick response methods;Projects or portfolios",Yes,R3,R3,R3,R3,R7,R7,R7,R6,R5,R5,R5,R5,R3,R3,R3,R3,R5,R5,R5,R5,4,4,4,4,NA(marks >2),NA(marks >2),NA(marks >2),NA(marks >2),The overall all co was done by me was good ,Yes,Yes,Yes,Yes,Yes,NO,NO,NO,NO,Excellent (> 90%),Through IDA 2 I understand that how to do the project presentation etc . It's very helpful for me 
1RVU23BSC079,Female,18,82.64,Urban,IDA_A,"Fulfills general curriculum/education requirement;Required (Core) for Program, Minor, or Specialization;Interest in the subject;Fits into my schedule","Lectures, including online lectures;Class discussions, including online discussion boards;In-class learning activities, other than discussions;Projects or portfolios;Teamwork or group activities;Student presentations;Writing work",Yes,R1,R1,R2,R2,R7,R7,R7,R6,R5,R5,R6,R5,R1,R1,R1,R1,R5,R5,R5,R5,5,5,5,5,NA(marks >2),NA(marks >2),NA(marks >2),NA(marks >2),I did my level best in the exam as I'm thorough with the concepts and punctual with my submissions. ,Yes,Yes,Yes,Yes,Yes,Yes,Yes,Yes,Yes,Excellent (> 90%),satisfied with the learning experience and effective assistance from the faculties. I understood the overall topics and concepts and even implement or apply it for other problems as well. Im happy with the course
1RVU23BSC018,Female,18,90.33,Urban,IDA_B,"Required (Core) for Program, Minor, or Specialization;Interest in the subject;Advisor recommended the course","Lectures, including online lectures;In-class learning activities, other than discussions;Projects or portfolios;Teamwork or group activities",Yes,R3,R3,R3,R3,R7,R7,R7,R7,R5,R5,R5,R5,R3,R3,R3,R4,R5,R5,R5,R4,5,5,5,4,NA(marks >2),NA(marks >2),NA(marks >2),NA(marks >2),NA,No,NO,NO,NO,Yes,NO,NO,NO,Yes,Excellent (> 90%),Iam happy with the efforts I put in the subject and want to learn the subject in deep !
1RVU23BSC095,Male,19,84,Rural,IDA_C,Fulfills general curriculum/education requirement;Interest in the subject;Advisor recommended the course,"Lectures, including online lectures;Class discussions, including online discussion boards;Teamwork or group activities;Student presentations",Yes,R2,R3,R4,R3,R6,R6,R6,R6,R10,R10,R10,R10,R1,R1,R3,R3,R5,R5,R5,R5,4,4,4,4,Yourself,Yourself,Yourself,Yourself,I blame myself for outcomes and faculty for making the concepts clear.,No,NO,NO,Yes,NO,NO,NO,NO,NO,Good (70 - 90%),I am thankful to the faculty and co faculty for always solving any errors which occured without any complaints.
1RVU23BSC136,Male,18,75,Urban,IDA_A,"Fulfills general curriculum/education requirement;Required (Core) for Program, Minor, or Specialization","Lectures, including online lectures;In-class learning activities, other than discussions;Teamwork or group activities",No,R1,R1,R3,R2,R4,R4,R3,R2,R1,R2,,,R1,R4,R4,R7,R4,R3,R3,R3,2,2,2,2,Yourself,Yourself,Yourself,Yourself,I need to put on more effort ,No,Yes,Yes,Yes,Yes,NO,NO,NO,NO,Good (70 - 90%),It's a bit difficult compared to Ida 1
1rvu23bsc167,Female,18,57,Urban,IDA_B,"Fulfills general curriculum/education requirement;Required (Core) for Program, Minor, or Specialization;Interest in the subject","Lectures, including online lectures;Class discussions, including online discussion boards;In-class clickers or other quick response methods;In-class learning activities, other than discussions;Outside-class homework, readings;Projects or portfolios;Teamwork or group activities;Student presentations;Writing work",No,R3,R4,R4,R4,R2,R3,R2,R3,R4,R5,R6,R7,R2,R2,R3,R3,R3,R3,R3,R3,3,3,3,3,Yourself,Yourself,Circumstances,Yourself,"It was new and hard to understand, but I could when I had to spend more time to learn ",No,Yes,Yes,Yes,Yes,NO,NO,NO,NO,Good (70 - 90%),It was slightly different and hard to understand but I managed 
1RVU23BSC132,Male,19,72%,Urban,IDA_C,"Required (Core) for Program, Minor, or Specialization","Lectures, including online lectures",No,R5,R5,R5,R5,R7,R7,R7,R7,R3,R3,R3,R3,R3,R3,R3,R3,R4,R4,R4,R4,5,5,5,5,Yourself,Yourself,Yourself,Yourself,.,Yes,Yes,Yes,Yes,Yes,Yes,Yes,Yes,Yes,Excellent (> 90%),course was easy .
1RVU23BSC056,Female,18,72.4,Urban,IDA_C,"Fulfills general curriculum/education requirement;Required (Core) for Program, Minor, or Specialization;Interest in the subject","Lectures, including online lectures;Class discussions, including online discussion boards;In-class clickers or other quick response methods;In-class learning activities, other than discussions;Projects or portfolios;Student presentations",Yes,R2,R2,R1,R1,R7,R7,R7,R7,R6,R5,R5,R5,R2,R2,R2,R2,R5,R5,R5,R5,5,5,5,5,NA(marks >2),NA(marks >2),NA(marks >2),NA(marks >2),the faculty teacher taught us the IDA2 in a such a way that I gave NA as the answer for the above question.,Yes,NO,NO,NO,NO,NO,NO,NO,NO,Excellent (> 90%),"the best thing about IDA2 course was they gave us the project and were given the opportunity to present them. which helped me a lot to gain the knowledge about the course even more. we got to know the practicality of the subject. the faculty teachers were extremely cooperative and thankful to them that they cleared the doubts time to time and helped us to achieve the best.
thank you"
1RVU23BSC021,Male,19,74,Urban,IDA_C,Fulfills general curriculum/education requirement;Interest in the subject,"Lectures, including online lectures;Class discussions, including online discussion boards;In-class learning activities, other than discussions;Projects or portfolios;Student presentations",Yes,R4,R4,R4,R4,R6,R6,R6,R6,R1,R1,R5,R5,R3,R3,R3,R3,R5,R5,R5,R5,5,5,5,5,NA(marks >2),NA(marks >2),NA(marks >2),NA(marks >2),If co6 is 1 or 2 i would go for circumstances as i am not well during that class times aswell as exam,Yes,NO,NO,NO,NO,NO,NO,NO,NO,Excellent (> 90%),The whole course was excellent as i learned and understood each topic and even the class was so nice and interesting 
1RVU23BSC164,Female,18,75,Urban,IDA_C,"Required (Core) for Program, Minor, or Specialization;Interest in the subject","Lectures, including online lectures;Class discussions, including online discussion boards;In-class clickers or other quick response methods;In-class learning activities, other than discussions;Outside-class homework, readings;Projects or portfolios;Teamwork or group activities;Student presentations",Yes,R4,R4,R4,R4,R6,R6,R6,R6,R5,R5,R5,R5,R1,R1,R1,R1,R5,R5,R5,R5,4,4,4,4,NA(marks >2),NA(marks >2),NA(marks >2),NA(marks >2),I did put in efforts and understand teacher so I gave the above marks ,No,Yes,Yes,Yes,Yes,Yes,Yes,Yes,Yes,Good (70 - 90%),As ida 1 was easy and understandable I took ida 2 which was also easy and did well 
1RVU23BSC076,Male,20,65.33%,Urban,IDA_A,"Fulfills general curriculum/education requirement;Required (Core) for Program, Minor, or Specialization;Interest in the subject;Reputation or peer recommendation of the instructor (faculty);Fits into my schedule;Advisor recommended the course;Friends recommended the course","Lectures, including online lectures;Class discussions, including online discussion boards;In-class clickers or other quick response methods;Projects or portfolios",Yes,R4,R4,R4,R4,R6,R6,R6,R6,R5,R5,R5,R5,R1,R1,R1,R1,R4,R4,R4,R4,5,5,5,5,NA(marks >2),NA(marks >2),NA(marks >2),NA(marks >2),Marks is greater than 2,Yes,Yes,Yes,Yes,Yes,Yes,Yes,Yes,Yes,Excellent (> 90%),"Very good course, enjoyed a lot in the journey of learning these."
1RVU23BSC071,Male,18,69,Urban,IDA_B,Advisor recommended the course,"Lectures, including online lectures",No,R3,R4,R3,R3,R4,R4,R4,R4,R2,R2,R2,R2,R2,R2,R2,R2,R3,R3,R3,R3,4,4,4,3,NA(marks >2),NA(marks >2),NA(marks >2),NA(marks >2),recommended ,No,NO,NO,NO,NO,NO,NO,NO,NO,Good (70 - 90%),good
1RVU23BSC111,Male,18,60,Urban,IDA_A,Interest in the subject;Fits into my schedule;Friends recommended the course,"Class discussions, including online discussion boards",Yes,R2,R2,R2,R2,R7,R7,R7,R4,R6,R2,R2,R6,R1,R2,R1,R4,R4,R4,R4,R4,3,3,3,3,Yourself,Yourself,Yourself,Yourself,.,No,Yes,Yes,Yes,Yes,Yes,Yes,Yes,Yes,Good (70 - 90%),.
1RVU23BSC060,Female,18,97.4,Urban,IDA_B,Interest in the subject,"In-class learning activities, other than discussions;Outside-class homework, readings",Yes,R3,R3,R3,R4,R7,R7,R7,R7,R5,R5,R5,R5,R3,R3,R3,R3,R5,R5,R5,R5,5,5,5,5,Circumstances,Circumstances,Circumstances,Circumstances,None,No,NO,NO,NO,NO,Yes,Yes,Yes,Yes,Excellent (> 90%),I liked the course.and loved the process of learning 
1RVU23BSC109,Male,18,90.5,Urban,IDA_A,"Fulfills general curriculum/education requirement;Required (Core) for Program, Minor, or Specialization;Interest in the subject","In-class clickers or other quick response methods;In-class learning activities, other than discussions;Teamwork or group activities;Student presentations",Yes,R4,R4,R4,R4,R7,R7,R7,R7,R6,R6,R6,R6,R1,R1,R1,R1,R5,R5,R5,R5,5,5,5,5,NA(marks >2),NA(marks >2),NA(marks >2),NA(marks >2),I put in the required efforts and worked on similar data sets and problems ,No,NO,NO,NO,NO,NO,NO,NO,NO,Excellent (> 90%),It carried similar topics and some more information on these topics.it was very informative and we'll designed 
1RVU23BSC146,Female,19,92,Urban,IDA_A,"Fulfills general curriculum/education requirement;Required (Core) for Program, Minor, or Specialization;Interest in the subject","Lectures, including online lectures;Class discussions, including online discussion boards;Teamwork or group activities",Yes,R6,R6,R6,R6,R6,R6,R6,R6,R5,R5,R5,R5,R1,R1,R1,R1,R5,R5,R5,R5,3,3,3,3,Circumstances,Circumstances,Circumstances,Circumstances,.,Yes,Yes,Yes,Yes,Yes,Yes,Yes,Yes,NO,Good (70 - 90%),Its was a good experience 
1RVU23BSC148,Female,18,76.50%,Urban,IDA_A,"Fulfills general curriculum/education requirement;Required (Core) for Program, Minor, or Specialization;Interest in the subject","Lectures, including online lectures;Class discussions, including online discussion boards;In-class learning activities, other than discussions;Teamwork or group activities",Yes,R3,R3,R4,R4,R7,R7,R6,R6,R1,R1,R1,R1,R1,R1,R1,R1,R5,R5,R5,R4,5,5,5,5,NA(marks >2),NA(marks >2),NA(marks >2),NA(marks >2),Because I put in efforts ,No,NO,NO,NO,NO,Yes,Yes,Yes,Yes,Excellent (> 90%),Very good
1RVU23BSC126,Male,19,80.5,Rural,IDA_A,"Fulfills general curriculum/education requirement;Required (Core) for Program, Minor, or Specialization;Interest in the subject;Reputation or peer recommendation of the instructor (faculty);Fits into my schedule;Advisor recommended the course","Lectures, including online lectures;Class discussions, including online discussion boards;In-class clickers or other quick response methods;In-class learning activities, other than discussions;Outside-class homework, readings;Projects or portfolios;Teamwork or group activities;Student presentations;Guest lecturers;Writing work",No,R6,R6,R6,R6,R6,R6,R6,R6,R5,R5,R5,R5,R2,R2,R2,R2,R5,R5,R5,R5,3,3,3,3,NA(marks >2),NA(marks >2),NA(marks >2),NA(marks >2),I think I have done my studies well and understood every concept with the help of my teacher's.,No,Yes,Yes,Yes,Yes,Yes,Yes,Yes,Yes,Excellent (> 90%),"The overall course is so good. The teacher's and staff teaches us well specially Shanti Ma'am helped me a lot throughout my studies. The hands on experience we get is brilliant, helping us to understand every concept fast and clear."
1RVU23BSC052,Male,18,84,Urban,IDA_C,"Fulfills general curriculum/education requirement;Required (Core) for Program, Minor, or Specialization;Interest in the subject","Lectures, including online lectures;Class discussions, including online discussion boards;In-class clickers or other quick response methods;Outside-class homework, readings;Projects or portfolios;Teamwork or group activities",Yes,R2,R3,R1,R3,R6,R5,R6,R5,R1,R1,R1,R1,R1,R2,R1,R1,R5,R3,R5,R5,4,4,4,4,NA(marks >2),NA(marks >2),NA(marks >2),NA(marks >2),.,No,Yes,Yes,Yes,Yes,NO,NO,NO,NO,Excellent (> 90%),Good
1RVU23BSC100,Male,19,87,Urban,IDA_B,Fulfills general curriculum/education requirement,"Lectures, including online lectures;Class discussions, including online discussion boards;Labs;Projects or portfolios;Teamwork or group activities;Student presentations",Yes,R6,R6,R6,R6,R7,R7,R7,R7,R4,R3,R3,R3,R1,R1,R1,R1,R5,R5,R5,R5,5,5,5,5,NA(marks >2),NA(marks >2),NA(marks >2),NA(marks >2),None ,Yes,NO,NO,NO,NO,Yes,Yes,Yes,Yes,Excellent (> 90%),The course was easy and enjoyed learning. The experience was great and project and presentation was awesome. One of the easiest and essential course.
1RVU23BSC009,Female,18,81%,Urban,IDA_B,Fulfills general curriculum/education requirement;Interest in the subject;Fits into my schedule,"Lectures, including online lectures;Class discussions, including online discussion boards;Projects or portfolios;Teamwork or group activities;Student presentations",Yes,R3,R3,R3,R3,R6,R6,R6,R6,R1,R1,R1,R1,R1,R1,R1,R1,R4,R4,R4,R4,4,4,4,4,NA(marks >2),NA(marks >2),NA(marks >2),NA(marks >2),"I have put effort, and I am satisfied with my performance.",No,NO,NO,NO,NO,NO,NO,NO,NO,Good (70 - 90%),"I have put every effort needed for this course and I'm satisfied with my performance and teachers were friendly to ask and clear doubts. overall, I had good experience in this course."
1RVU23BSC180,Male,18,81,Urban,IDA_B,Fulfills general curriculum/education requirement;Interest in the subject;Reputation or peer recommendation of the instructor (faculty),"Lectures, including online lectures;Class discussions, including online discussion boards;In-class learning activities, other than discussions;Projects or portfolios;Teamwork or group activities;Student presentations",Yes,R2,R2,R2,R2,R6,R6,R6,R6,R7,R9,R8,R7,R3,R3,R3,R4,R5,R5,R5,R5,5,5,5,5,NA(marks >2),NA(marks >2),NA(marks >2),NA(marks >2),U did well in IDA,No,Yes,Yes,Yes,Yes,NO,NO,NO,NO,Excellent (> 90%),It was enjoying and learnt many things and I'm happy
1RVU23BSC149,Female,18,98%,Urban,IDA_C,Fulfills general curriculum/education requirement;Interest in the subject;Fits into my schedule,"Lectures, including online lectures;Class discussions, including online discussion boards;Projects or portfolios;Teamwork or group activities",Yes,R4,R4,R4,R4,R6,R6,R7,R6,R5,R5,R5,R5,R3,R3,R3,R3,R5,R5,R5,R5,4,4,4,4,Yourself,Yourself,Yourself,Yourself,.,Yes,NO,NO,NO,NO,NO,NO,NO,NO,Excellent (> 90%),This course helped to understand more about data analysis.The teaching method of this subject was very good. We understood all concept of this course without any doubts.
1RVU23BSC006,Male,17,87.2,Urban,IDA_B,"Required (Core) for Program, Minor, or Specialization;Interest in the subject;Fits into my schedule","Lectures, including online lectures;Class discussions, including online discussion boards;In-class learning activities, other than discussions;Projects or portfolios;Student presentations",Yes,R6,R6,R6,R6,R7,R7,R7,R7,R5,R5,R5,R5,R1,R1,R1,R1,R5,R5,R5,R5,4,4,4,4,NA(marks >2),NA(marks >2),NA(marks >2),NA(marks >2),I have given my level best in this course and I have no reason to blame anyone as the faculty were great and the topics in the course were interesting and useful.,No,NO,NO,NO,NO,NO,NO,NO,NO,Excellent (> 90%),I do not regret taking this course as it was really helpful. With such amazing faculty nothing could go wrong. The topics were challenging but interesting and the faculty explained it very well. Overall I am satisfied with this course and would like to thank the faculty to make it a joyous learning experience.
1RVUBSC23163,Male,19,75.50%,Urban,IDA_C,Interest in the subject,"In-class learning activities, other than discussions;Projects or portfolios;Teamwork or group activities",No,R1,R1,R2,R3,R7,R7,R7,R7,R2,R2,R2,R2,R1,R1,R1,R1,R5,R5,R5,R5,5,5,5,4,NA(marks >2),NA(marks >2),NA(marks >2),NA(marks >2),"I personally think I did well, but I need to put more efforts",Yes,NO,NO,NO,NO,NO,NO,NO,NO,Excellent (> 90%),"The  course was really good, I got to learn a lot about my mistakes and my weaknesses and looking forward to improve it. "
1RVU23BSC093 ,Female,18,77.5,Urban,IDA_B,"Fulfills general curriculum/education requirement;Required (Core) for Program, Minor, or Specialization;Interest in the subject","Lectures, including online lectures",Yes,R1,R2,R2,R2,R6,R6,R6,R6,R6,R6,R6,R6,R1,R1,R1,R1,R4,R4,R4,R4,3,3,3,3,Yourself,Yourself,Yourself,Yourself,We are the one responsible if we not revised or studied ,Yes,NO,NO,NO,NO,NO,NO,NO,NO,Good (70 - 90%),I am very interested in this course and i learn new things in evey session of this course and also faculties are  friendly 
1Rvu23bsc1078,Female,18,69,Urban,IDA_A,"Required (Core) for Program, Minor, or Specialization;Interest in the subject;Fits into my schedule","Class discussions, including online discussion boards;In-class clickers or other quick response methods;In-class learning activities, other than discussions;Labs;Projects or portfolios;Teamwork or group activities;Student presentations",Yes,R1,R1,R3,R3,R6,R6,R6,R6,R5,R5,R4,R8,R1,R1,R2,R2,R5,R5,R4,R4,4,3,3,3,NA(marks >2),NA(marks >2),Yourself,Yourself,I will blame myself due to I was not attended some of the classes because of family reasons ,No,NO,NO,NO,NO,NO,NO,NO,NO,Good (70 - 90%),Very understanding and very easy.the course help to solve the problem in different methods by data analysis.
1RVU23BSC068,Female,19,91.6,Urban,IDA_C,"Fulfills general curriculum/education requirement;Required (Core) for Program, Minor, or Specialization;Interest in the subject;Reputation or peer recommendation of the instructor (faculty)","Lectures, including online lectures;Class discussions, including online discussion boards;In-class learning activities, other than discussions;Projects or portfolios;Teamwork or group activities;Student presentations",Yes,R3,R3,R3,R3,R6,R6,R6,R5,R5,R5,R5,R5,R3,R3,R3,R3,R5,R5,R5,R4,4,4,4,4,NA(marks >2),NA(marks >2),NA(marks >2),NA(marks >2),I had done my best in this course ,Yes,Yes,Yes,Yes,Yes,NO,NO,NO,Yes,Excellent (> 90%),My experience was good in this advance course as It gives detail information about data analysis. 
1RVU23BSC010,Male,19,73%,Urban,IDA_A,"Fulfills general curriculum/education requirement;Required (Core) for Program, Minor, or Specialization;Interest in the subject;Reputation or peer recommendation of the instructor (faculty)","In-class learning activities, other than discussions;Projects or portfolios;Teamwork or group activities;Student presentations",No,R2,R3,R2,R2,R4,R4,R4,R4,R2,R3,R6,R6,R4,R4,R4,R4,R4,R4,R4,R4,2,2,2,2,NA(marks >2),NA(marks >2),NA(marks >2),NA(marks >2),Consistency ,No,Yes,Yes,Yes,Yes,Yes,Yes,Yes,Yes,Good (70 - 90%),"Was a rewarding educational, providing a platform "
1RVU23BSC037,Female,18,72%,Urban,IDA_C,"Fulfills general curriculum/education requirement;Required (Core) for Program, Minor, or Specialization;Interest in the subject","Lectures, including online lectures;Class discussions, including online discussion boards;Projects or portfolios;Teamwork or group activities;Student presentations",No,R3,R3,R3,R3,R6,R6,R6,R6,R1,R1,R1,R1,R1,R1,R1,R1,R5,R5,R5,R5,4,4,4,4,NA(marks >2),NA(marks >2),NA(marks >2),NA(marks >2),I HAVE DID WELL AND WONT BLAME ANYONE,No,Yes,Yes,Yes,Yes,NO,NO,NO,NO,Excellent (> 90%),THE IDA COURSE WAS GOOD AND I DID COURSE BY THE HELP OF LECTURE ON THE TOPIC BY TEACHER AND DID MY BEST
1RVU23BSC038,Male,18,62%,Urban,IDA_B,Fulfills general curriculum/education requirement;Interest in the subject,"Lectures, including online lectures;Class discussions, including online discussion boards;In-class learning activities, other than discussions;Projects or portfolios;Teamwork or group activities;Student presentations",Yes,R5,R5,R5,R5,R6,R6,R6,R5,R1,R1,R1,R1,R1,R1,R1,R1,R4,R4,R4,R4,5,5,5,5,NA(marks >2),NA(marks >2),NA(marks >2),NA(marks >2),I have given full effort from my side.,Yes,NO,NO,NO,Yes,Yes,Yes,Yes,Yes,Excellent (> 90%),over all the course was good and teachers was also friendly with us.
1RVU23BSC137,Female,18,80%,Urban,IDA_B,Fulfills general curriculum/education requirement;Interest in the subject;Fits into my schedule,"Lectures, including online lectures;Class discussions, including online discussion boards;Teamwork or group activities",Yes,R3,R3,R3,R3,R6,R6,R6,R6,R5,R5,R5,R5,R2,R2,R3,R2,R5,R5,R5,R5,4,4,4,4,NA(marks >2),NA(marks >2),NA(marks >2),NA(marks >2),course content waas made easy to understand by the teachers.,Yes,NO,NO,NO,NO,NO,NO,Yes,Yes,Excellent (> 90%),Overall experince was very good as the content was interesting and was made easy to understand.
1RVU23BSC142,Male,17,80.3,Urban,IDA_C,"Fulfills general curriculum/education requirement;Required (Core) for Program, Minor, or Specialization;Interest in the subject","Lectures, including online lectures;Class discussions, including online discussion boards;In-class learning activities, other than discussions;Teamwork or group activities;Student presentations",Yes,R2,R2,R2,R3,R7,R7,R6,R6,R6,R6,R8,R8,R3,R3,R3,R3,R5,R5,R4,R4,4,4,4,3,NA(marks >2),NA(marks >2),NA(marks >2),NA(marks >2),I think scaling and encoding is tough to understand and i gave more time for it. Else were also tough but easy to understand.,Yes,NO,NO,NO,Yes,NO,NO,NO,Yes,Good (70 - 90%),I think this course was easy compare to others and it would've been more easy if had given my more and it was an overall good experience.
1RVU23BSC005,Male,19,75%,Urban,IDA_A,Interest in the subject,"Lectures, including online lectures;Class discussions, including online discussion boards;In-class learning activities, other than discussions;Outside-class homework, readings;Projects or portfolios;Teamwork or group activities",No,R7,R7,R7,R7,R6,R6,R6,R6,R6,R6,R6,R6,R1,R1,R1,R1,R5,R5,R5,R5,4,4,4,4,Yourself,Yourself,Yourself,Yourself,I have to work hard for my own success ,No,NO,NO,NO,NO,Yes,Yes,Yes,Yes,Good (70 - 90%),It was a bit tricky and over all it was good ðŸ‘
1RVU23BSC170,Female,19,94.17 %,Urban,IDA_A,"Fulfills general curriculum/education requirement;Required (Core) for Program, Minor, or Specialization;Interest in the subject","Lectures, including online lectures;Class discussions, including online discussion boards;In-class learning activities, other than discussions;Outside-class homework, readings;Projects or portfolios;Teamwork or group activities;Student presentations",No,R3,R2,R2,R3,R6,R6,R6,R5,R2,R5,R2,R1,R1,R1,R1,R2,R5,R5,R5,R4,5,5,5,4,Yourself,Yourself,Yourself,Yourself,"I take responsibility for my performance. Although the course was well-structured, I recognize the importance of personal accountability in improving my understanding and performance.",Yes,NO,NO,NO,Yes,NO,NO,NO,Yes,Good (70 - 90%),"I learned a lot in the Python Data Analysis course. The hands-on approach and great teaching style improved my understanding, making me look forward to learning more."
1RVU23BSC064,Female,18,70%,Urban,IDA_B,"Fulfills general curriculum/education requirement;Required (Core) for Program, Minor, or Specialization;Interest in the subject;Reputation or peer recommendation of the instructor (faculty);Fits into my schedule;Advisor recommended the course;Friends recommended the course","Lectures, including online lectures;Class discussions, including online discussion boards;In-class clickers or other quick response methods;In-class learning activities, other than discussions;Projects or portfolios;Teamwork or group activities;Student presentations",Yes,R5,R5,R4,R2,R7,R7,R7,R5,R7,R7,R7,R6,R3,R3,R3,R5,R5,R5,R5,R5,4,4,4,3,NA(marks >2),NA(marks >2),NA(marks >2),NA(marks >2),I did choose na but I could better in co 4 and 5.,Yes,NO,NO,NO,Yes,NO,NO,NO,Yes,Good (70 - 90%),"I think co 5 could have been done a little slower, if it would be a little slower it would make learning that particular topic in a much better way. But I appreciate professor shanti and professor Muralidhar for all the efforts they put in making me personally understand how much I love the subject and how much potential data science has. "
1RVU23BSC053,Female,18,70,Urban,IDA_C,"Fulfills general curriculum/education requirement;Required (Core) for Program, Minor, or Specialization;Interest in the subject;Fits into my schedule","Class discussions, including online discussion boards;In-class clickers or other quick response methods;Projects or portfolios;Teamwork or group activities;Student presentations",Yes,R3,R3,R3,R3,R6,R6,R6,R6,R3,R3,R6,R7,R3,R3,R3,R3,R5,R5,R5,R5,4,4,4,4,Yourself,Yourself,Yourself,Yourself,"if i get less marks its my  mistake , because they teach us very gud , support us lot",Yes,NO,NO,NO,NO,NO,NO,NO,NO,Excellent (> 90%),happy to learn IDA because they support us lot 
1RVU23BSC033,Female,19,75,Rural,IDA_A,"Fulfills general curriculum/education requirement;Required (Core) for Program, Minor, or Specialization;Interest in the subject;Fits into my schedule","Lectures, including online lectures;Class discussions, including online discussion boards;In-class clickers or other quick response methods;In-class learning activities, other than discussions;Outside-class homework, readings;Projects or portfolios;Teamwork or group activities;Student presentations;Guest lecturers;Fieldwork/ field trips;Writing work",Yes,R9,R9,R9,R9,R7,R7,R7,R7,R6,R6,R6,R6,R1,R1,R1,R1,R5,R5,R5,R5,5,5,5,5,NA(marks >2),NA(marks >2),NA(marks >2),NA(marks >2),"Yes i have chosen NA because my marks is more than that, if my marks was less than that  means i would have blamed myself because it was my mistake that i have not shown interest in studies.",Yes,Yes,Yes,Yes,Yes,Yes,Yes,Yes,Yes,Excellent (> 90%),It is a top quality course. Keep going. we need this type of course to improve our studies. Excellent. I enjoyed learning this subject. I was happy with it.Thank you!
1RVU23BSC112,Male,18,99,Urban,IDA_A,"Fulfills general curriculum/education requirement;Required (Core) for Program, Minor, or Specialization;Interest in the subject;Reputation or peer recommendation of the instructor (faculty);Fits into my schedule;Advisor recommended the course;Friends recommended the course","Lectures, including online lectures;Class discussions, including online discussion boards;In-class clickers or other quick response methods;In-class learning activities, other than discussions;Outside-class homework, readings;Labs;Projects or portfolios;Teamwork or group activities;Student presentations;Guest lecturers;Fieldwork/ field trips;Writing work",Yes,R4,R4,R4,R4,R5,R5,R5,R5,R8,R8,R8,R8,R1,R1,R1,R1,R5,R5,R5,R5,4,4,4,4,Circumstances,Circumstances,Circumstances,Circumstances,Nothing ,No,NO,NO,NO,NO,NO,NO,NO,NO,Excellent (> 90%),Thank You 
1RVU23BSC179,Male,18,70,Rural,IDA_B,"Fulfills general curriculum/education requirement;Required (Core) for Program, Minor, or Specialization;Interest in the subject;Reputation or peer recommendation of the instructor (faculty);Fits into my schedule;Advisor recommended the course;Friends recommended the course","Lectures, including online lectures;Class discussions, including online discussion boards;In-class clickers or other quick response methods;In-class learning activities, other than discussions;Outside-class homework, readings;Projects or portfolios;Teamwork or group activities;Student presentations;Writing work",Yes,R1,R1,R1,R1,R7,R7,R7,R7,R6,R6,R6,R6,R3,R3,R3,R3,R5,R5,R5,R5,5,5,5,5,NA(marks >2),NA(marks >2),NA(marks >2),NA(marks >2),The concepts were taught in a way that we can apply on unknown datasets and gain our knowledge easily..,Yes,NO,NO,NO,NO,Yes,Yes,Yes,Yes,Excellent (> 90%),It was a very good experience in taking this course as it will be helpful in my future. The concepts in the course was taught perfectly 
1RVU23BSC141,Female,19,78,Urban,IDA_A,Fulfills general curriculum/education requirement;Interest in the subject,"Lectures, including online lectures;Class discussions, including online discussion boards;In-class learning activities, other than discussions;Projects or portfolios;Teamwork or group activities;Student presentations",No,R5,R5,R5,R5,R7,R7,R6,R6,R5,R5,R5,R5,R3,R3,R3,R3,R5,R5,R5,R5,4,4,4,3,NA(marks >2),NA(marks >2),NA(marks >2),NA(marks >2),Because I am very confident that I won't get low marks in this course ,Yes,NO,NO,NO,NO,NO,NO,NO,NO,Excellent (> 90%),As compared to other courses I'm very through in this course so I prefer 90+ in this 
1RVU23BSC045,Female,19,88%,Urban,IDA_C,Fulfills general curriculum/education requirement;Interest in the subject;Fits into my schedule,"In-class learning activities, other than discussions;Projects or portfolios;Teamwork or group activities",Yes,R1,R1,R1,R2,R6,R6,R6,R5,R6,R6,R6,R6,R1,R1,R1,R1,R1,R1,R4,R4,5,5,5,5,NA(marks >2),NA(marks >2),NA(marks >2),NA(marks >2),I m satisfied with my learning ,No,NO,NO,NO,NO,NO,NO,NO,NO,Excellent (> 90%),Ida was always my favorite subject the faculty is awesome with teaching and friendly made it easier to approach for any doubts.
1RVU23BSC117,Female,18,94,Urban,IDA_C,Interest in the subject,"Lectures, including online lectures;Class discussions, including online discussion boards;In-class clickers or other quick response methods;In-class learning activities, other than discussions;Outside-class homework, readings;Projects or portfolios;Teamwork or group activities;Student presentations",Yes,R4,R4,R4,R4,R6,R6,R6,R6,R5,R5,R5,R5,R1,R1,R1,R1,R5,R5,R5,R5,4,4,4,4,NA(marks >2),NA(marks >2),NA(marks >2),NA(marks >2),I think I have done quite well on IDA 2 also since I have a strong foundation on the concepts that were taught. I also felt maybe outside class if I had worked more I could have learned more than I already know ,Yes,Yes,Yes,Yes,Yes,Yes,Yes,Yes,Yes,Excellent (> 90%),I took up IDA2 since I liked IDA1 and also because I wanted to learn more in this subject. I also enjoyed the subject and the class activities just like IDA1.Further more the project which was given to us actually helped me understand each concept properly and why each of the concepts are used in data analysis.
1RVU23BSC069,Male,19,79%,Urban,IDA_C,Fulfills general curriculum/education requirement;Interest in the subject;Fits into my schedule,"Lectures, including online lectures;Class discussions, including online discussion boards;Outside-class homework, readings;Projects or portfolios;Teamwork or group activities;Student presentations",Yes,R5,R5,R5,R5,R7,R6,R6,R6,R5,R4,R6,R7,R3,R3,R3,R3,R5,R4,R4,R5,4,4,4,4,NA(marks >2),NA(marks >2),NA(marks >2),NA(marks >2),NA,No,Yes,Yes,Yes,Yes,NO,NO,NO,NO,Good (70 - 90%),"IDA2 is a good course to go more deeper in to the understanding of 
Data Analytics and Data Science and few topics were interesting to 
learn and explore and the projects and assignments were helpful to 
get a better understanding of and explore more about Data Science ,
overall I am happy about this course."
1RVU23BSC124,Male,18,93,Urban,IDA_B,"Fulfills general curriculum/education requirement;Required (Core) for Program, Minor, or Specialization;Interest in the subject","Lectures, including online lectures;Class discussions, including online discussion boards;In-class learning activities, other than discussions;Projects or portfolios;Student presentations",No,R3,R4,R4,R5,R6,R6,R5,R4,R2,R2,R7,R5,R1,R1,R1,R1,R4,R4,R4,R3,4,4,4,3,Yourself,Yourself,Yourself,Yourself,I will be responsible as my efforts reflect my results.,No,NO,NO,NO,NO,NO,NO,NO,NO,Excellent (> 90%),It was a good experience and yes it was interesting to learn this . Thanks to the faculty for making things better and easier . This course gave more confidence to perform better in the next semester. Thank you .
1RVU23BSC178,Female,18,85.50%,Urban,IDA_C,"Fulfills general curriculum/education requirement;Required (Core) for Program, Minor, or Specialization;Interest in the subject;Fits into my schedule;Friends recommended the course","Lectures, including online lectures;Class discussions, including online discussion boards;In-class clickers or other quick response methods;In-class learning activities, other than discussions;Projects or portfolios;Teamwork or group activities;Student presentations",Yes,R3,R4,R4,R4,R6,R6,R6,R7,R6,R9,R8,R5,R1,R3,R1,R1,R5,R4,R4,R3,5,4,4,4,NA(marks >2),NA(marks >2),NA(marks >2),NA(marks >2),I have Given NA,Yes,NO,Yes,Yes,Yes,Yes,Yes,Yes,Yes,Excellent (> 90%),"Overall Very good experience from the course we learnt so much about the data and its source,Usage of data.Got intrest to learn more about it .Projects were very good..Helped us to showcase our own creative minds.Great faculty help ."
1RVU23BSC138,Male,18,87,Urban,IDA_C,"Fulfills general curriculum/education requirement;Required (Core) for Program, Minor, or Specialization;Interest in the subject","Lectures, including online lectures;Class discussions, including online discussion boards;In-class learning activities, other than discussions;Outside-class homework, readings;Projects or portfolios;Teamwork or group activities;Student presentations",Yes,R2,R3,R3,R3,R7,R7,R7,R7,R5,R5,R5,R5,R1,R1,R1,R1,R5,R5,R5,R4,5,5,5,5,NA(marks >2),NA(marks >2),NA(marks >2),NA(marks >2),not applicable,No,NO,NO,Yes,Yes,NO,NO,Yes,NO,Good (70 - 90%),I felt ida 2 went more fast than ida 1 so we couldnt understand some things but i enjoyed the project part where everyone comes and present the ppt
20,Female,18,79,Urban,IDA_B,"Fulfills general curriculum/education requirement;Required (Core) for Program, Minor, or Specialization;Interest in the subject","Lectures, including online lectures;Projects or portfolios;Teamwork or group activities",Yes,R2,R3,R3,R3,R6,R6,R6,R3,R6,R6,R6,,R1,R1,R1,R4,R5,R5,R5,R5,4,4,4,3,Circumstances,Circumstances,Circumstances,Yourself,for the slow wifi connection.,No,NO,NO,NO,NO,NO,NO,NO,NO,Good (70 - 90%),is a good subject and helps me in future education.
1RVU23BSC078,Female,18,69,Urban,IDA_A,"Required (Core) for Program, Minor, or Specialization;Interest in the subject;Reputation or peer recommendation of the instructor (faculty);Fits into my schedule","Class discussions, including online discussion boards;In-class clickers or other quick response methods;In-class learning activities, other than discussions;Outside-class homework, readings;Projects or portfolios;Teamwork or group activities;Student presentations",Yes,R1,R3,R3,R5,R7,R7,R6,R6,R5,R6,R6,R5,R1,R1,R1,R1,R4,R4,R4,R5,5,5,4,4,Yourself,Yourself,Yourself,Yourself, i will blame my self because due some family reasons i was not able to attend some clasess but still i tryied my best,No,NO,NO,NO,NO,NO,NO,NO,NO,Good (70 - 90%),"as we know data science in python is use to calculate the  given data sets , so this help us know how to calculate the different data sets in different types it is under scaling , skewness,heatmap and diffrent methods. it was easy in understanding "
1RVU23BSC015,Female,18,76,Urban,IDA_C,"Required (Core) for Program, Minor, or Specialization","Lectures, including online lectures;In-class learning activities, other than discussions;Projects or portfolios;Student presentations",Yes,R4,R4,R4,R4,R7,R7,R7,R7,R6,R6,R6,R6,R3,R3,R3,R3,R5,R5,R5,R5,4,4,4,4,Yourself,Yourself,Yourself,Yourself,i am the one to be blamed ,Yes,Yes,Yes,Yes,Yes,Yes,Yes,Yes,Yes,Excellent (> 90%),it was an amazing experience 
1RVU23BSC118,Female,18,91,Rural,IDA_A,"Fulfills general curriculum/education requirement;Required (Core) for Program, Minor, or Specialization;Interest in the subject;Advisor recommended the course;Friends recommended the course","Lectures, including online lectures;In-class clickers or other quick response methods;In-class learning activities, other than discussions;Outside-class homework, readings;Projects or portfolios;Teamwork or group activities;Student presentations",Yes,R5,R6,R8,R8,R7,R7,R7,R6,R8,R5,R6,R9,R2,R3,R3,R3,R4,R5,R5,R5,5,5,5,5,NA(marks >2),NA(marks >2),NA(marks >2),NA(marks >2),I have put in the require efforts and am very happy with my performance. I do not blame anyone.,No,NO,Yes,Yes,NO,Yes,NO,NO,NO,Excellent (> 90%),I totally enjoyed the course.I have learnt a lot through the projects and assignments and am very happy. IDA faculty has always helped me when i was stuck and am very greatful. I have managed to learn new things and how well you can apply codes in different situations. overall an exquisite experience.
1RVU23BSC041,Male,18,89.5,Urban,IDA_C,"Fulfills general curriculum/education requirement;Required (Core) for Program, Minor, or Specialization;Interest in the subject","Lectures, including online lectures;Class discussions, including online discussion boards;In-class clickers or other quick response methods;In-class learning activities, other than discussions",Yes,R6,R6,R6,R6,R6,R6,R6,R6,R2,R2,R2,R2,R3,R3,R3,R3,R3,R3,R3,R3,4,4,4,4,Yourself,Yourself,Yourself,Yourself,I blame myself because I didn't learn properly ,No,Yes,Yes,Yes,Yes,NO,NO,NO,NO,Excellent (> 90%),I was interesting and good 
1RVU23BSC083,Male,19,69,Urban,IDA_C,"Fulfills general curriculum/education requirement;Required (Core) for Program, Minor, or Specialization;Interest in the subject;Fits into my schedule","In-class learning activities, other than discussions;Outside-class homework, readings;Teamwork or group activities;Student presentations",Yes,R3,R3,R3,R3,R7,R6,R6,R6,R5,R4,R6,R5,R3,R3,R3,R3,R5,R5,R5,R5,4,4,4,4,Yourself,Yourself,Yourself,Yourself,ig i get less marks balming myself,Yes,NO,NO,NO,NO,NO,NO,NO,NO,Excellent (> 90%),"happy to learn IDA, Because teacher support us lot"
1RVU23BSC135,Female,18,60,Rural,IDA_C,"Fulfills general curriculum/education requirement;Required (Core) for Program, Minor, or Specialization;Interest in the subject","Lectures, including online lectures;Class discussions, including online discussion boards;In-class learning activities, other than discussions;Teamwork or group activities;Student presentations",No,R3,R3,R4,R3,R6,R6,R6,R4,R1,R2,R5,R5,R1,R1,R1,R1,R5,R5,R5,R5,4,4,4,4,Yourself,Yourself,Yourself,Yourself,. ,Yes,NO,NO,NO,NO,NO,NO,NO,NO,Good (70 - 90%),. 
1RVU23BSC105,Male,21,70.60%,Urban,IDA_A,"Fulfills general curriculum/education requirement;Required (Core) for Program, Minor, or Specialization;Interest in the subject","Lectures, including online lectures;Class discussions, including online discussion boards;In-class clickers or other quick response methods;In-class learning activities, other than discussions;Outside-class homework, readings;Projects or portfolios;Teamwork or group activities;Student presentations;Writing work",Yes,R7,R7,R7,R8,R7,R7,R7,R7,R1,R1,R2,R8,R3,R3,R2,R2,R5,R5,R5,R5,5,5,5,4,Yourself,Yourself,Yourself,Yourself,If iam getting less marks  then it must be my fault because the teacher had explained everything very well.,No,NO,NO,NO,NO,NO,NO,NO,NO,Excellent (> 90%),Well done. Good course. Excellent tutor
1RVU23BSC099,Female,20,82.6,Urban,IDA_A,"Required (Core) for Program, Minor, or Specialization;Interest in the subject","Lectures, including online lectures;Class discussions, including online discussion boards",Yes,R6,R6,R6,R6,R7,R7,R7,R7,R4,R7,R7,R4,R1,R1,R1,R1,R5,R5,R5,R5,5,5,5,5,NA(marks >2),NA(marks >2),NA(marks >2),NA(marks >2),I'm responsible for my learning and performance.,No,Yes,Yes,Yes,Yes,Yes,Yes,Yes,Yes,Excellent (> 90%),well structured and well taught.
1RVU23BSC036,Female,18,83,Urban,IDA_A,"Fulfills general curriculum/education requirement;Required (Core) for Program, Minor, or Specialization;Interest in the subject;Reputation or peer recommendation of the instructor (faculty);Fits into my schedule;Advisor recommended the course","Lectures, including online lectures;In-class clickers or other quick response methods;Outside-class homework, readings;Projects or portfolios;Teamwork or group activities;Student presentations;Writing work",Yes,R3,R2,R3,R5,R7,R7,R7,R7,R5,R5,R5,R6,R3,R3,R3,R3,R5,R5,R5,R4,5,5,5,5,NA(marks >2),NA(marks >2),NA(marks >2),NA(marks >2),Understood all the concepts well and was able to apply them. Doing the project helped me understand some concepts better,No,NO,NO,NO,NO,NO,NO,NO,NO,Excellent (> 90%),Learned a lot from this course and enjoyed analyzing the data by using various concepts. The project was really helpful which helped me understand some concepts better
1RVU23BSC091,Female,18,75.2,Urban,IDA_A,"Fulfills general curriculum/education requirement;Required (Core) for Program, Minor, or Specialization;Interest in the subject","In-class learning activities, other than discussions;Outside-class homework, readings;Projects or portfolios;Teamwork or group activities",Yes,R1,R3,R3,R3,R6,R6,R6,R5,R5,R5,R5,R2,R1,R1,R1,R2,R5,R5,R5,R4,5,5,5,4,Yourself,Yourself,Yourself,Yourself,"For the low performance, I take responsibility for my learning. While the course was well-structured, I acknowledge the need for personal accountability in maximizing my understanding and performance.",Yes,NO,NO,NO,Yes,NO,NO,NO,Yes,Good (70 - 90%),"My experience in the IDA course has been insightful. The practical approach and engaging teaching style have enhanced my understanding of the subject, setting a positive tone for future learning."
1RVU23BSC057,Female,18,82.7,Urban,IDA_A,"Fulfills general curriculum/education requirement;Required (Core) for Program, Minor, or Specialization;Interest in the subject","Class discussions, including online discussion boards;In-class learning activities, other than discussions;Projects or portfolios;Teamwork or group activities",Yes,R5,R5,R5,R4,R5,R5,R5,R5,R2,R4,R7,R6,R1,R1,R1,R1,R3,R4,R4,R4,4,4,4,4,Yourself,Yourself,Yourself,Yourself,.,Yes,Yes,Yes,Yes,Yes,Yes,NO,NO,Yes,Good (70 - 90%),.
1RVU23BSC075,Male,18,71.3,Rural,IDA_C,Fulfills general curriculum/education requirement,"Class discussions, including online discussion boards;In-class learning activities, other than discussions;Projects or portfolios;Teamwork or group activities",Yes,R4,R4,R4,R4,R7,R7,R7,R7,R6,R6,R6,R6,R1,R1,R1,R1,R5,R5,R5,R5,4,4,4,4,Yourself,Yourself,Yourself,Yourself,The above answers are given as per my course experience ,Yes,NO,NO,NO,NO,NO,NO,NO,NO,Excellent (> 90%),I had a great experience throughout this semester. It has exposed me to a broader understanding. It helped me to think differently. It has taught me different perspectives .
1RVUBSC23155,Female,21,70%,Urban,IDA_A,"Fulfills general curriculum/education requirement;Required (Core) for Program, Minor, or Specialization;Interest in the subject;Fits into my schedule;Friends recommended the course","Lectures, including online lectures;Class discussions, including online discussion boards;In-class clickers or other quick response methods;In-class learning activities, other than discussions;Outside-class homework, readings;Projects or portfolios;Teamwork or group activities;Student presentations;Guest lecturers;Fieldwork/ field trips",Yes,R9,R9,R9,R9,R7,R7,R7,R7,R6,R6,R6,R6,R1,R1,R1,R1,R5,R5,R5,R5,5,5,5,5,NA(marks >2),NA(marks >2),NA(marks >2),NA(marks >2),.,Yes,Yes,Yes,Yes,Yes,Yes,Yes,Yes,Yes,Excellent (> 90%),It was good 
1RVU23BSC029,Female,18,88.33%,Urban,IDA_A,"Fulfills general curriculum/education requirement;Required (Core) for Program, Minor, or Specialization;Interest in the subject;Fits into my schedule","Lectures, including online lectures;Class discussions, including online discussion boards;In-class clickers or other quick response methods;In-class learning activities, other than discussions;Outside-class homework, readings;Projects or portfolios;Teamwork or group activities;Student presentations;Guest lecturers;Fieldwork/ field trips;Writing work",Yes,R9,R9,R9,R9,R7,R7,R7,R7,R6,R6,R6,R6,R1,R1,R1,R1,R5,R5,R5,R5,5,5,5,5,NA(marks >2),NA(marks >2),NA(marks >2),NA(marks >2),"yes i opted fot NA bcz my marks are more than that ,if my marks is less than that i will blame my bcz it my mistake that i not gave interest in study ",Yes,Yes,Yes,Yes,Yes,Yes,Yes,Yes,Yes,Excellent (> 90%),it was nice ...i enjoyed my learning ....Thank you!!
1RVU23BSC027,Female,18,81.5,Urban,IDA_B,"Fulfills general curriculum/education requirement;Required (Core) for Program, Minor, or Specialization;Interest in the subject","Lectures, including online lectures;Class discussions, including online discussion boards;In-class clickers or other quick response methods;In-class learning activities, other than discussions;Projects or portfolios;Teamwork or group activities;Student presentations",Yes,R2,R2,R2,R2,R7,R7,R7,R7,R1,R1,R1,R1,R1,R1,R2,R2,R5,R5,R5,R5,5,5,5,4,NA(marks >2),NA(marks >2),NA(marks >2),NA(marks >2),I think I am capable for getting more than 2,Yes,Yes,Yes,Yes,Yes,NO,NO,NO,NO,Excellent (> 90%),"By taking data science as a course .I got to know more about  machine learning algorithm. it helps to summarise and understand the data , predecting future outcomes can also provide recommendations and optimising decision based on the data "
1RVU23BSC177,Male,18,70,Urban,IDA_C,"Fulfills general curriculum/education requirement;Required (Core) for Program, Minor, or Specialization;Interest in the subject","Lectures, including online lectures;Class discussions, including online discussion boards;In-class clickers or other quick response methods;In-class learning activities, other than discussions;Projects or portfolios",No,R3,R3,R3,R3,R6,R6,R7,R6,R2,R2,R2,R2,R1,R1,R1,R1,R5,R5,R5,R5,5,5,5,5,Yourself,Yourself,Yourself,Yourself,I am responsible for my low scores.,No,Yes,Yes,Yes,Yes,Yes,Yes,Yes,Yes,Excellent (> 90%), A
1RVU23BSC003,Male,19,78,Urban,IDA_A,"Required (Core) for Program, Minor, or Specialization;Interest in the subject","Lectures, including online lectures;Class discussions, including online discussion boards;In-class clickers or other quick response methods;In-class learning activities, other than discussions;Projects or portfolios;Teamwork or group activities",Yes,R4,R4,R4,R4,R7,R7,R7,R7,R5,R5,R5,R5,R3,R3,R3,R3,R5,R5,R5,R5,5,5,5,5,Yourself,Yourself,Yourself,Yourself,I think I've done well in the examination.,No,NO,NO,NO,NO,NO,NO,NO,NO,Excellent (> 90%),"The course was interesting, excited what's next."
1RVU23BSC085,Female,18,69%,Rural,IDA_A,"Fulfills general curriculum/education requirement;Required (Core) for Program, Minor, or Specialization;Interest in the subject;Advisor recommended the course","Class discussions, including online discussion boards;In-class learning activities, other than discussions;Outside-class homework, readings;Projects or portfolios;Teamwork or group activities",No,R4,R3,R4,R2,R7,R3,R7,R4,R8,,R8,R4,R3,R7,R3,R4,R4,R3,R4,R3,3,2,3,2,NA(marks >2),Circumstances,NA(marks >2),Circumstances,"There wasn't much explanation given or in depth focus for a few of the concepts,but the rest was good.",Yes,Yes,Yes,Yes,Yes,Yes,Yes,Yes,Yes,Good (70 - 90%),.
1RVU23BSC158,Female,18,68%,Urban,IDA_A,Interest in the subject,"Class discussions, including online discussion boards;Teamwork or group activities;Student presentations",Yes,R4,R4,R4,R4,R4,R4,R4,R4,R2,R2,R2,R2,R3,R3,R3,R3,R5,R5,R5,R5,3,3,3,3,Yourself,Yourself,Yourself,Yourself,I need keep the enough efforts.,Yes,Yes,Yes,Yes,Yes,Yes,Yes,Yes,Yes,Good (70 - 90%),My course experience was really very good .I thank you my teachers the one who has helped me in this course it was my first time so it was time taking  for me to understand the process.i belive that it need still more efforts from my side thankyou.
1RVU23BSC014,Female,18,91,Urban,IDA_B,Interest in the subject,"Class discussions, including online discussion boards;In-class learning activities, other than discussions;Projects or portfolios;Teamwork or group activities",Yes,R3,R2,R2,R3,R6,R7,R7,R7,R6,R3,R3,R3,R3,R3,R3,R3,R3,R5,R5,R5,4,4,4,4,NA(marks >2),NA(marks >2),NA(marks >2),NA(marks >2),NA,Yes,NO,NO,NO,NO,NO,NO,NO,NO,Excellent (> 90%),The course experience was impeccable. I really enjoyed doing the project at the end. And the faculty was always there when I had doubts. Overall I really liked the experience.
1RVU23BSC121,Female,18,61%,Urban,IDA_C,"Fulfills general curriculum/education requirement;Required (Core) for Program, Minor, or Specialization;Interest in the subject;Reputation or peer recommendation of the instructor (faculty);Advisor recommended the course","Lectures, including online lectures;Class discussions, including online discussion boards;In-class clickers or other quick response methods;In-class learning activities, other than discussions;Outside-class homework, readings;Projects or portfolios;Teamwork or group activities;Student presentations",Yes,R1,R2,R3,R3,R6,R6,R6,R6,R5,R5,R5,R5,R5,R5,R5,R5,R4,R4,R4,R4,5,5,5,5,Yourself,Yourself,Yourself,Yourself,I need to put more efforts ,No,Yes,Yes,Yes,Yes,NO,NO,NO,NO,Excellent (> 90%),Good about learning learnt presentation skills and writing report. Overall i learnt something new. 
1RVU23BSC113,Male,20,90.6,Urban,IDA_C,Interest in the subject;Fits into my schedule,"In-class learning activities, other than discussions;Projects or portfolios",Yes,R4,R4,R4,R4,R7,R7,R7,R7,R7,R7,R7,R7,R1,R1,R1,R1,R5,R5,R5,R5,4,4,4,4,NA(marks >2),NA(marks >2),NA(marks >2),NA(marks >2),Nah,Yes,Yes,Yes,Yes,Yes,NO,NO,NO,NO,Excellent (> 90%),Overall Good 
1RVU23BSC106,Male,19,72.83,Urban,IDA_B,"Fulfills general curriculum/education requirement;Required (Core) for Program, Minor, or Specialization;Interest in the subject","Lectures, including online lectures;Class discussions, including online discussion boards;In-class clickers or other quick response methods;In-class learning activities, other than discussions;Projects or portfolios;Teamwork or group activities;Student presentations",Yes,R2,R2,R2,R2,R6,R6,R6,R6,R9,R9,R9,R9,R1,R1,R1,R1,R5,R5,R5,R4,4,4,5,4,Teacher,Teacher,Teacher,Yourself,Question were easy and understanding because i have practiced the concept ,Yes,NO,NO,NO,NO,NO,NO,NO,NO,Excellent (> 90%),The experience is good and fun to learn 
1RVU23BSC008,Female,18,83.83,Urban,IDA_C,Interest in the subject;Fits into my schedule,"In-class learning activities, other than discussions;Projects or portfolios",Yes,R4,R4,R4,R4,R7,R7,R7,R7,R7,R7,R7,R7,R1,R1,R1,R1,R5,R5,R5,R5,4,4,4,4,NA(marks >2),NA(marks >2),NA(marks >2),NA(marks >2),Na,Yes,Yes,Yes,Yes,Yes,NO,NO,NO,NO,Excellent (> 90%),"Good , nyc teachers nyc cours "
1RVU23BSC133,Female,18,80,Urban,IDA_A,"Fulfills general curriculum/education requirement;Required (Core) for Program, Minor, or Specialization;Interest in the subject;Reputation or peer recommendation of the instructor (faculty);Fits into my schedule","Lectures, including online lectures;Class discussions, including online discussion boards;In-class clickers or other quick response methods;In-class learning activities, other than discussions;Outside-class homework, readings;Projects or portfolios;Teamwork or group activities;Writing work",No,R2,R2,R2,R2,R7,R7,R7,R7,R2,R2,R2,R2,R1,R1,R1,R1,R4,R4,R4,R4,5,5,5,5,NA(marks >2),NA(marks >2),NA(marks >2),NA(marks >2),Not applicable ,Yes,NO,NO,NO,NO,NO,NO,NO,NO,Excellent (> 90%),It was a wonderful experience as i learnt new stuff 
1RVU23BSC168,Female,18,84,Rural,IDA_B,"Fulfills general curriculum/education requirement;Required (Core) for Program, Minor, or Specialization;Interest in the subject","Lectures, including online lectures;Class discussions, including online discussion boards;In-class clickers or other quick response methods;In-class learning activities, other than discussions;Projects or portfolios;Teamwork or group activities;Student presentations;Writing work",Yes,R2,R2,R2,R2,R6,R6,R6,R6,R8,R8,R8,R8,R1,R1,R1,R1,R4,R4,R4,R4,4,4,4,4,NA(marks >2),NA(marks >2),NA(marks >2),NA(marks >2),NA,Yes,Yes,Yes,Yes,Yes,Yes,Yes,Yes,Yes,Good (70 - 90%),Great
1RVU23BSC165,Female,18,73,Urban,IDA_A,Fulfills general curriculum/education requirement,"Lectures, including online lectures;Class discussions, including online discussion boards;Projects or portfolios",Yes,R3,R3,R3,R3,R5,R6,R5,R6,R1,R1,R1,R1,R1,R2,R1,R2,R5,R4,R5,R5,3,3,3,3,Yourself,Yourself,Yourself,Yourself,.,Yes,Yes,Yes,Yes,Yes,Yes,Yes,Yes,Yes,Good (70 - 90%),Easy course 
1RVU23BSC181,Male,18,78%,Urban,IDA_A,Fulfills general curriculum/education requirement;Interest in the subject,"Lectures, including online lectures;In-class learning activities, other than discussions",Yes,R4,R4,R4,R4,R7,R7,R6,R6,R1,R1,R1,R1,R1,R1,R1,R1,R5,R5,R5,R4,3,3,3,3,NA(marks >2),NA(marks >2),NA(marks >2),NA(marks >2),I have chosen not applicable option in the above question ,No,NO,NO,NO,Yes,NO,NO,NO,NO,Good (70 - 90%),I had a good experience in this course.
1RVU23BSC151,Female,18,92.50%,Urban,IDA_B,"Fulfills general curriculum/education requirement;Required (Core) for Program, Minor, or Specialization;Interest in the subject","Lectures, including online lectures;Class discussions, including online discussion boards;In-class clickers or other quick response methods;In-class learning activities, other than discussions;Projects or portfolios;Teamwork or group activities;Student presentations",No,R2,R2,R2,R2,R7,R6,R6,R6,R4,R5,R1,R5,R2,R2,R2,R2,R5,R5,R5,R5,4,4,4,4,NA(marks >2),NA(marks >2),NA(marks >2),NA(marks >2),I chose Not applicable(NA) because IDA faculty did an amazing job in teaching the course.,No,NO,NO,NO,NO,NO,NO,NO,NO,Excellent (> 90%),This is the only course that was simple to understand if we put in the required effort and I would want to thank the faculty for doing an amazing job in teaching this course because this is the only course that did not require me to study or understand with the help of YouTube or Chat GPT. 
1RVU23BSC152,Female,17,80.50%,Urban,IDA_C,"Fulfills general curriculum/education requirement;Required (Core) for Program, Minor, or Specialization;Interest in the subject;Fits into my schedule","Lectures, including online lectures;Class discussions, including online discussion boards;In-class clickers or other quick response methods;In-class learning activities, other than discussions;Projects or portfolios;Teamwork or group activities;Student presentations",Yes,R2,R2,R2,R2,R7,R7,R7,R7,R1,R2,R2,R6,R1,R1,R1,R1,R5,R5,R5,R5,5,5,5,5,Yourself,Yourself,Yourself,Yourself,Because my teachers have explained the syllabus very well and have time to time cleared all the doubts ,Yes,Yes,Yes,Yes,Yes,NO,NO,NO,NO,Excellent (> 90%),"It was a great learning experience. 
The teachers have held our hands through every difficult points."
1RVUBSC23171,Male,18,86.3,Urban,IDA_A,Fulfills general curriculum/education requirement,"Lectures, including online lectures;Class discussions, including online discussion boards",No,R2,R2,R2,R2,R4,R4,R4,R4,R1,R1,R1,R1,R1,R1,R1,R1,R5,R5,R5,R5,5,5,5,5,NA(marks >2),NA(marks >2),NA(marks >2),NA(marks >2),As per the instruction in Bracket.,No,Yes,Yes,Yes,Yes,NO,NO,NO,NO,Excellent (> 90%),"I dont know to express i , but Excellent"
1RVU23BSC028,Female,19,76,Urban,IDA_A,"Fulfills general curriculum/education requirement;Required (Core) for Program, Minor, or Specialization;Interest in the subject","Lectures, including online lectures;Class discussions, including online discussion boards;In-class clickers or other quick response methods;In-class learning activities, other than discussions;Projects or portfolios;Student presentations",No,R2,R2,R2,R2,R4,R4,R4,R4,R5,R5,R5,R5,R1,R1,R1,R1,R4,R4,R4,R4,3,3,3,3,NA(marks >2),NA(marks >2),NA(marks >2),NA(marks >2),  ,Yes,Yes,Yes,Yes,Yes,Yes,Yes,Yes,Yes,Excellent (> 90%),"It was an excellent course,I had missed a lot of classes yet I was able to catch up and learn the concepts with the teachers help,they were very helpful and it was good learning experience "
1RVU23BSC050,Female,18,85.50%,Urban,IDA_C,Interest in the subject,"Lectures, including online lectures;Projects or portfolios;Teamwork or group activities",Yes,R2,R2,R2,R2,R7,R7,R7,R7,R5,R5,R5,R5,R1,R1,R1,R1,R5,R5,R5,R5,4,4,4,4,Yourself,Yourself,Yourself,Yourself,I would blame myself for not putting extra effort from my side.,No,NO,NO,NO,NO,NO,NO,NO,NO,Excellent (> 90%),My overall experience in the course is good 
172,Male,18,80%,Urban,IDA_C,"Required (Core) for Program, Minor, or Specialization;Interest in the subject","Lectures, including online lectures;Class discussions, including online discussion boards;Outside-class homework, readings;Teamwork or group activities;Student presentations",Yes,R3,R3,R3,R3,R6,R6,R6,R6,R5,R5,R5,R5,R1,R1,R1,R1,R5,R5,R5,R5,4,4,4,4,Yourself,Yourself,Yourself,Yourself,I will be held responsible for my performance ,Yes,NO,NO,NO,NO,NO,NO,NO,NO,Excellent (> 90%),Excellent 
1RVU23BSC084,Male,18,73.3,Urban,IDA_C,"Fulfills general curriculum/education requirement;Required (Core) for Program, Minor, or Specialization;Interest in the subject;Fits into my schedule;Advisor recommended the course;Friends recommended the course","Lectures, including online lectures;Class discussions, including online discussion boards;In-class clickers or other quick response methods;In-class learning activities, other than discussions;Projects or portfolios;Teamwork or group activities;Student presentations;Guest lecturers;Writing work",No,R2,R2,R2,R2,R6,R6,R6,R6,R7,R7,R7,R7,R4,R4,R4,R4,R4,R4,R4,R4,3,3,3,3,Circumstances,Circumstances,Circumstances,Circumstances,I was busy with other courses online,No,Yes,Yes,Yes,Yes,Yes,Yes,Yes,Yes,Good (70 - 90%),The course was overall good 
1RVU23BSC131,Female,18,89.2,Urban,IDA_C,"Fulfills general curriculum/education requirement;Required (Core) for Program, Minor, or Specialization;Interest in the subject;Fits into my schedule","Lectures, including online lectures;Class discussions, including online discussion boards;In-class learning activities, other than discussions;Projects or portfolios;Teamwork or group activities",No,R3,R4,R3,R3,R4,R5,R5,R5,R6,R6,R6,R6,R1,R1,R1,R1,R3,R3,R3,R3,4,4,4,4,NA(marks >2),NA(marks >2),NA(marks >2),NA(marks >2),I have worked on my assignments and studied,Yes,Yes,Yes,Yes,Yes,Yes,Yes,Yes,Yes,Good (70 - 90%),I have enjoyed the course and learnt as much as I could 
1RVUBSC23077,Male,18,85%,Urban,IDA_C,Interest in the subject,"In-class learning activities, other than discussions",Yes,R2,R2,R2,R2,R6,R6,R6,R6,R1,R1,R1,R1,R3,R3,R3,R3,R4,R4,R4,R4,4,4,4,4,Yourself,Yourself,Yourself,Yourself,-,Yes,Yes,Yes,Yes,Yes,Yes,Yes,Yes,Yes,Excellent (> 90%),-
1RVU23BSC043,Female,18,91,Urban,IDA_C,"Fulfills general curriculum/education requirement;Required (Core) for Program, Minor, or Specialization;Interest in the subject","Lectures, including online lectures;Class discussions, including online discussion boards;In-class learning activities, other than discussions",No,R1,R1,R1,R1,R7,R7,R7,R7,R5,R6,R5,R5,R3,R3,R3,R3,R5,R5,R5,R5,5,5,5,5,NA(marks >2),NA(marks >2),NA(marks >2),NA(marks >2),The teacher made the concepts understandable,No,NO,NO,NO,NO,NO,NO,NO,NO,Excellent (> 90%),"It was amazing. Veey interesting and fun to work on
"
1RVU23BSC055,Female,18,79.36,Urban,IDA_B,"Required (Core) for Program, Minor, or Specialization;Interest in the subject","In-class learning activities, other than discussions",Yes,R2,R2,R2,R2,R7,R7,R7,R7,R6,R6,R6,R6,R3,R3,R3,R3,R4,R4,R4,R4,5,5,5,5,NA(marks >2),NA(marks >2),NA(marks >2),NA(marks >2),Reason is the course was understandable and easy to learn,No,NO,NO,NO,Yes,NO,NO,NO,NO,Excellent (> 90%),The course was easy and interesting. It taught the techniques to apply in data analysis which is helpful
1RVU23BSC101,Male,19,58 %,Urban,IDA_B,"Fulfills general curriculum/education requirement;Required (Core) for Program, Minor, or Specialization;Interest in the subject","Lectures, including online lectures;Class discussions, including online discussion boards;Projects or portfolios;Teamwork or group activities;Student presentations",Yes,R7,R7,R7,R7,R7,R7,R7,R7,R7,R7,R7,R7,R1,R1,R1,R1,R5,R5,R5,R5,4,4,4,4,Yourself,Yourself,Yourself,Yourself,I blame myself ,Yes,Yes,Yes,Yes,Yes,Yes,Yes,Yes,Yes,Excellent (> 90%),It was good course and learnt new things and it was just awesome.
1RVU23BSC120,Female,19,77.7,Rural,IDA_C,Interest in the subject,"In-class learning activities, other than discussions;Outside-class homework, readings;Projects or portfolios;Student presentations",Yes,R1,R6,R2,R3,R7,R6,R7,R6,R1,R3,R10,R6,R3,R4,R1,R2,R5,R3,R5,R3,5,3,5,3,NA(marks >2),NA(marks >2),NA(marks >2),NA(marks >2),thanks to teachers for excellent teaching and hard work that helped me understand and apply and understand the concepts really well,No,NO,NO,NO,NO,NO,NO,NO,NO,Excellent (> 90%),"revision notes, ppt, example question and answers which were prepared by teachers were very helpful for lastminute revision reports which were told to be written right after the class helped in a better understanding of the topic ,detailed syllabus for the exam was mentioned marks distribution was given which helped for better preparation of exam overall the whole syllabus was taught in a step by step process ,thank you teachers for all your efforts "
1RVU23BSC062,Male,20,70,Urban,IDA_A,"Required (Core) for Program, Minor, or Specialization;Interest in the subject","In-class learning activities, other than discussions;Outside-class homework, readings;Projects or portfolios;Teamwork or group activities;Student presentations",Yes,R3,R4,R3,R4,R4,R5,R5,R4,R5,R5,R5,R5,R2,R3,R3,R1,R3,R4,R4,R3,4,4,4,4,NA(marks >2),Circumstances,Yourself,Circumstances,Good experience in learning the course.,Yes,Yes,Yes,NO,Yes,Yes,Yes,Yes,Yes,Good (70 - 90%),Practical way of learning the course
1RVU23BSC019,Female,19,89,Urban,IDA_A,"Fulfills general curriculum/education requirement;Required (Core) for Program, Minor, or Specialization;Interest in the subject","Lectures, including online lectures;Class discussions, including online discussion boards;In-class clickers or other quick response methods;In-class learning activities, other than discussions;Projects or portfolios;Teamwork or group activities;Student presentations",Yes,R4,R4,R4,R4,R7,R7,R7,R7,R11,R11,R11,R11,R1,R1,R1,R1,R5,R5,R5,R5,4,4,4,4,NA(marks >2),NA(marks >2),NA(marks >2),NA(marks >2),Nothing ,Yes,Yes,Yes,Yes,Yes,Yes,Yes,Yes,Yes,Excellent (> 90%),Interesting 
1RVU23BSC042,Male,18,76,Urban,IDA_B,Interest in the subject,"Lectures, including online lectures;Class discussions, including online discussion boards;Teamwork or group activities;Student presentations",Yes,R4,R4,R4,R4,R6,R6,R6,R6,R3,R3,R3,R3,R1,R1,R1,R1,R5,R5,R5,R5,5,5,5,5,NA(marks >2),NA(marks >2),NA(marks >2),NA(marks >2),NA,Yes,Yes,Yes,Yes,Yes,NO,NO,NO,NO,Excellent (> 90%),The overall course was great! The faculty was helping and best !
1RVU23BSC044,Female,16,79%,Urban,IDA_C,"Fulfills general curriculum/education requirement;Required (Core) for Program, Minor, or Specialization;Interest in the subject","Lectures, including online lectures;Class discussions, including online discussion boards;In-class clickers or other quick response methods;In-class learning activities, other than discussions;Outside-class homework, readings;Labs;Projects or portfolios;Teamwork or group activities;Student presentations",No,R3,R3,R3,R3,R6,R6,R6,R6,R10,R10,R10,R10,R1,R1,R1,R1,R5,R5,R5,R5,4,4,4,4,NA(marks >2),NA(marks >2),NA(marks >2),NA(marks >2),Teaching was very clear and understandable,Yes,Yes,Yes,Yes,Yes,Yes,Yes,Yes,Yes,Excellent (> 90%),Very informative and creative 
1RVU23BSC155,Female,17,79,Urban,IDA_C,Fulfills general curriculum/education requirement;Interest in the subject;Fits into my schedule;Advisor recommended the course,"Lectures, including online lectures;In-class learning activities, other than discussions;Projects or portfolios;Teamwork or group activities;Student presentations",Yes,R5,R6,R6,R6,R7,R6,R7,R7,R5,R6,R6,R8,R2,R2,R2,R2,R5,R5,R5,R5,4,4,4,4,Yourself,Yourself,Yourself,Yourself,I blame myself because of less effort by me.,Yes,NO,NO,NO,NO,NO,NO,NO,NO,Good (70 - 90%),Leant different plots and graphs in python about the dataset. Understanding the dataset and writing a report of the dataset
7,Female,18,69,Urban,IDA_B,"Required (Core) for Program, Minor, or Specialization;Interest in the subject","Class discussions, including online discussion boards;In-class clickers or other quick response methods;Teamwork or group activities;Student presentations",Yes,R2,R2,R2,R2,R4,R2,R2,R4,R2,R9,R9,R2,R4,R5,R5,R3,R4,R3,R3,R4,3,2,2,3,Yourself,Yourself,Yourself,Yourself,i would blame myself for not giving the best ,Yes,Yes,Yes,Yes,Yes,Yes,Yes,Yes,Yes,Good (70 - 90%),"it was a very good experience.
"
1RVU23BSC013,Male,18,55%,Urban,IDA_C,Fulfills general curriculum/education requirement;Interest in the subject,"Lectures, including online lectures;Projects or portfolios;Student presentations;Writing work",Yes,R2,R2,R2,R2,R6,R6,R6,R6,R7,R7,R7,R7,R1,R1,R1,R1,R4,R4,R4,R4,4,4,4,4,NA(marks >2),NA(marks >2),NA(marks >2),NA(marks >2),My marks are not below 2.,No,NO,NO,NO,NO,Yes,Yes,Yes,Yes,Okay (40 - 70%),"I express my satisfaction with the course, acknowledging the effective and commendable efforts of the teachers. The instructional approach resonated well with me, contributing significantly to my positive learning experience. The overall quality of the course and the educators' dedication have left a favorable impression on me."
1RVU23BSC107,Female,18,85,Urban,IDA_A,Fulfills general curriculum/education requirement;Interest in the subject,"Lectures, including online lectures;Class discussions, including online discussion boards;In-class clickers or other quick response methods;Projects or portfolios;Teamwork or group activities",Yes,R2,R2,R2,R2,R5,R5,R5,R5,R6,R8,R8,R6,R1,R1,R1,R1,R3,R3,R3,R3,4,4,4,4,NA(marks >2),NA(marks >2),NA(marks >2),NA(marks >2),.....,Yes,Yes,Yes,Yes,Yes,Yes,NO,NO,NO,Excellent (> 90%),......
1RVU23BSC048,Male,19,73,Urban,IDA_B,"Fulfills general curriculum/education requirement;Required (Core) for Program, Minor, or Specialization;Interest in the subject;Fits into my schedule;Advisor recommended the course;Friends recommended the course","Lectures, including online lectures;Class discussions, including online discussion boards;In-class clickers or other quick response methods;In-class learning activities, other than discussions;Outside-class homework, readings;Labs;Projects or portfolios;Teamwork or group activities;Student presentations;Guest lecturers;Fieldwork/ field trips;Writing work",Yes,R3,R4,R3,R4,R7,R7,R7,R7,R2,R2,R2,R2,R1,R1,R1,R1,R5,R5,R5,R5,5,5,5,5,NA(marks >2),NA(marks >2),NA(marks >2),NA(marks >2),Already explained in IDa1 section,No,NO,NO,NO,NO,Yes,Yes,Yes,Yes,Excellent (> 90%),Already explained in IDA1
1RVU23BSC066,Female,18,81%,Urban,IDA_C,Fulfills general curriculum/education requirement;Interest in the subject,"Lectures, including online lectures;Class discussions, including online discussion boards;In-class learning activities, other than discussions",Yes,R2,R3,R2,R2,R7,R6,R7,R6,R6,R6,R6,R6,R3,R3,R3,R2,R5,R4,R5,R4,5,4,5,4,NA(marks >2),NA(marks >2),NA(marks >2),NA(marks >2),i put the required effort to understand all the concepts. With the help of teachers and peers i stand clear with the concepts ,No,NO,NO,NO,NO,NO,NO,NO,NO,Excellent (> 90%),"my interest in the subject grew as i was exposed to new topics and methods of data analysis. the teachers as usual were excellent at their end , they were available anytime and would clear any sort of doubts without hesitation , they made it very comfortable for us to approach them. "
1RVU23BSC128,Male,18,92,Urban,IDA_B,"Fulfills general curriculum/education requirement;Required (Core) for Program, Minor, or Specialization;Interest in the subject;Fits into my schedule","Lectures, including online lectures;Class discussions, including online discussion boards;In-class clickers or other quick response methods;In-class learning activities, other than discussions;Projects or portfolios;Teamwork or group activities;Student presentations",Yes,R1,R1,R1,R1,R7,R7,R7,R7,R1,R1,R1,R1,R3,R3,R3,R3,R5,R5,R5,R5,4,4,4,4,Yourself,Yourself,Yourself,Yourself,I SHOULD HAVE PUT MORE EFFORT..!!,Yes,NO,NO,NO,NO,NO,NO,NO,NO,Excellent (> 90%), i HAD GREAT TIME LEARNING THE INTRODUCTION TO DATA SCIENCE.IT HELPED ME TO LEARN A LOT ABOUT DATA SCIENCE AND ALSO I PARTICIPATED IN FEW COMPETITIONS ABOUT DATA INSIGHTS IN COLLEGE AND I LEARNT A LOT AND EVEN GAVE ME MORE STRENGTH AND FAITH TO PRESENT MY DATA ANALYSIS IN FRONT OF EVERYONE
1RVU23BSC072,Male,19,71,Urban,IDA_C,Fulfills general curriculum/education requirement;Interest in the subject;Reputation or peer recommendation of the instructor (faculty),"Class discussions, including online discussion boards;In-class clickers or other quick response methods;In-class learning activities, other than discussions;Projects or portfolios;Teamwork or group activities;Student presentations",Yes,R9,R9,R9,R9,R7,R7,R7,R7,R2,R2,R2,R2,R1,R1,R1,R1,R5,R5,R5,R5,4,4,4,4,NA(marks >2),NA(marks >2),NA(marks >2),NA(marks >2), ,Yes,Yes,Yes,Yes,Yes,Yes,Yes,Yes,Yes,Excellent (> 90%),"Great experience overall, happy with learning outcomes and excited to dive deeper into data analysis."
1RVU23BSC166,Female,19,91,Urban,IDA_B,"Fulfills general curriculum/education requirement;Required (Core) for Program, Minor, or Specialization;Interest in the subject","Lectures, including online lectures;Class discussions, including online discussion boards;In-class clickers or other quick response methods;In-class learning activities, other than discussions",No,R5,R4,R4,R4,R6,R4,R6,R4,R1,R1,R2,R9,R2,R2,R2,R4,R4,R4,R4,R4,4,4,3,2,Yourself,Yourself,Yourself,Yourself,Because the teachers thought really well and if my score goes low it will be because of me  as I would not have put enough effort.,Yes,NO,NO,NO,NO,NO,NO,NO,NO,Excellent (> 90%),It was very good as the teachers were there to help whenever we needed. Also they thought really slow so that people from other backgrounds also can understand.
1RVU23BSC039,Male,19,47.5,Urban,IDA_C,"Fulfills general curriculum/education requirement;Required (Core) for Program, Minor, or Specialization;Interest in the subject","Lectures, including online lectures",Yes,R2,R2,R2,R2,R6,R6,R6,R6,R8,R7,R6,R7,R3,R2,R2,R3,R5,R5,R5,R5,3,3,3,3,Yourself,Yourself,Yourself,Yourself,good,Yes,Yes,Yes,Yes,Yes,NO,NO,NO,NO,Good (70 - 90%),exellent
1RVU23BSC,Male,19,62,Urban,IDA_A,"Fulfills general curriculum/education requirement;Required (Core) for Program, Minor, or Specialization;Interest in the subject;Fits into my schedule;Advisor recommended the course;Friends recommended the course","Lectures, including online lectures;Class discussions, including online discussion boards;In-class learning activities, other than discussions;Outside-class homework, readings",Yes,R4,R4,R4,R4,R7,R7,R7,R7,R6,R7,R6,R7,R1,R1,R2,R1,R5,R5,R5,R5,5,5,5,5,NA(marks >2),NA(marks >2),NA(marks >2),NA(marks >2),If I had'nt given my level best i would have no one else to blame but myself.,Yes,NO,NO,NO,NO,NO,NO,NO,NO,Excellent (> 90%),"The course was enjoyable and fun and easy to understand, I learnt a great many things and got an idea on how to think differently and apply different methods towards various problems. It was fun :)."
1RVU23BSC074,Male,19,75,Urban,IDA_A,"Fulfills general curriculum/education requirement;Required (Core) for Program, Minor, or Specialization;Interest in the subject;Fits into my schedule","Class discussions, including online discussion boards;In-class clickers or other quick response methods;In-class learning activities, other than discussions;Outside-class homework, readings;Projects or portfolios;Teamwork or group activities",Yes,R2,R3,R2,R3,R6,R5,R6,R5,R2,R6,R6,R2,R1,R1,R1,R3,R5,R4,R5,R4,3,3,3,3,NA(marks >2),NA(marks >2),NA(marks >2),NA(marks >2),during the label encoding topic i was on sick leave,Yes,Yes,Yes,Yes,Yes,Yes,Yes,Yes,Yes,Good (70 - 90%),the course is good for me as it has both fun and learning methods where I can learn at ease
1RVU23BSC092,Male,19,70,Urban,IDA_B,"Required (Core) for Program, Minor, or Specialization;Interest in the subject","Class discussions, including online discussion boards;In-class clickers or other quick response methods;In-class learning activities, other than discussions",No,R4,R4,R4,R4,R4,R4,R5,R4,R4,R4,R5,R5,R3,R6,R6,R6,R4,R4,R5,R5,4,4,4,4,Yourself,Circumstances,Yourself,Circumstances,Due to late submission ,No,Yes,Yes,Yes,Yes,Yes,Yes,Yes,Yes,Good (70 - 90%),I enjoyed learning this course but need still Deep explanation 
1RVU23BSC087,Female,18,91.83%,Rural,IDA_B,"Required (Core) for Program, Minor, or Specialization;Interest in the subject","Lectures, including online lectures;Class discussions, including online discussion boards;In-class learning activities, other than discussions",Yes,R4,R4,R4,R4,R7,R7,R7,R7,R7,R7,R7,R7,R3,R3,R3,R3,R5,R5,R5,R5,4,4,4,4,Yourself,Yourself,Yourself,Yourself,"It is my responsibility to learn and understand the concept, hence I would blame myself if I fail to do it",No,Yes,Yes,Yes,Yes,NO,NO,NO,NO,Excellent (> 90%),"Very informative course, I enjoyed learning every CO activities, which also helped me gain basic skills"
1RVU23BSC012,Male,18,80,Urban,IDA_B,Interest in the subject,"Class discussions, including online discussion boards;Projects or portfolios;Teamwork or group activities",Yes,R4,R4,R4,R4,R7,R7,R7,R7,R6,R6,R6,R6,R1,R1,R1,R1,R5,R5,R5,R5,4,4,4,4,NA(marks >2),NA(marks >2),NA(marks >2),NA(marks >2),.,No,NO,NO,NO,NO,NO,NO,NO,NO,Excellent (> 90%),The course was good and easy to follow 
1RVU23BSC176,Male,19,85,Urban,IDA_A,Fulfills general curriculum/education requirement,"Lectures, including online lectures;Class discussions, including online discussion boards;In-class clickers or other quick response methods;In-class learning activities, other than discussions;Outside-class homework, readings;Labs;Projects or portfolios;Teamwork or group activities;Student presentations;Guest lecturers;Fieldwork/ field trips;Writing work;",Yes,R2,R2,R2,R2,R7,R7,R7,R7,R3,R3,R3,R5,R2,R2,R2,R2,R5,R5,R5,R5,5,5,5,5,Yourself,Yourself,Yourself,Yourself,Amazing course ,No,NO,NO,NO,NO,NO,NO,NO,NO,Excellent (> 90%),Fabulous course 
1RVU23BSC022,Female,19,71,Urban,IDA_A,Interest in the subject,"Lectures, including online lectures;Outside-class homework, readings",Yes,R4,R4,R4,R4,R6,R6,R6,R6,R6,R6,R6,R6,R4,R4,R4,R4,R4,R4,R5,R5,3,3,3,3,NA(marks >2),NA(marks >2),NA(marks >2),NA(marks >2),I'm responsible for my own grades,Yes,NO,NO,NO,NO,Yes,Yes,Yes,Yes,Excellent (> 90%),This was an informative introductive course
1RVU23BSC145,Male,18,59,Urban,IDA_C,Fulfills general curriculum/education requirement,"Lectures, including online lectures;Class discussions, including online discussion boards;In-class learning activities, other than discussions",Yes,R2,R2,R2,R2,R6,R6,R6,R6,R1,R2,R3,R2,R2,R2,R2,R2,R5,R5,R5,R5,4,4,4,4,Yourself,Teacher,Circumstances,Yourself,I feel like that,No,NO,NO,NO,NO,Yes,Yes,Yes,Yes,Good (70 - 90%),It was good experience 
1RVU23BSC081,Male,18,71.16%,Urban,IDA_C,"Fulfills general curriculum/education requirement;Required (Core) for Program, Minor, or Specialization;Interest in the subject","Lectures, including online lectures;Class discussions, including online discussion boards",Yes,R2,R2,R2,R2,R4,R4,R4,R4,R1,R1,R1,R1,R1,R1,R1,R1,R5,R5,R5,R5,4,4,4,4,Yourself,Yourself,Yourself,Yourself,I'd blame it on myself because my education and learning depends on me ,Yes,Yes,Yes,Yes,Yes,Yes,Yes,Yes,Yes,Excellent (> 90%),Excellent course because it fulfills all the required knowledge 
1RVU23BSC141,Female,19,78,Urban,IDA_A,"Fulfills general curriculum/education requirement;Required (Core) for Program, Minor, or Specialization;Interest in the subject","Lectures, including online lectures;In-class learning activities, other than discussions;Teamwork or group activities;Student presentations",No,R4,R4,R4,R4,R6,R6,R6,R4,R7,R7,R7,R8,R1,R1,R1,R1,R5,R5,R5,R5,3,3,3,3,NA(marks >2),NA(marks >2),NA(marks >2),NA(marks >2),I'm confident about my hard work and efforts so that I can't get that marks ,Yes,NO,NO,NO,NO,NO,NO,NO,NO,Good (70 - 90%),Has compared to other courses I'm very interested and through in this course 
1RVU23BSC141,Female,19,78,Urban,IDA_A,"Fulfills general curriculum/education requirement;Required (Core) for Program, Minor, or Specialization;Interest in the subject","Lectures, including online lectures;Class discussions, including online discussion boards;Teamwork or group activities;Student presentations",No,R4,R4,R4,R4,R6,R6,R6,R4,R7,R7,R7,R7,R1,R1,R1,R1,R4,R4,R4,R4,3,3,3,3,NA(marks >2),NA(marks >2),NA(marks >2),NA(marks >2),I'm confident because of my hard work and efforts so I prefer this ,Yes,NO,NO,NO,NO,NO,NO,NO,NO,Good (70 - 90%),I'm very interested in this course and comparing to other courses I feel it's easy 
1RVU23BSC092,Male,19,70,Urban,IDA_B,"Required (Core) for Program, Minor, or Specialization;Interest in the subject","Class discussions, including online discussion boards;In-class clickers or other quick response methods;In-class learning activities, other than discussions",No,R4,R3,R4,R3,R4,R5,R6,R5,R3,R4,R5,R6,R3,R4,R3,R4,R3,R4,R3,R4,4,4,4,4,Teacher,Circumstances,Teacher,Circumstances,Due to health issues or late submission ,No,Yes,Yes,Yes,Yes,Yes,Yes,Yes,Yes,Good (70 - 90%),I experienced good 
1RVU23BSC153,Male,18,60,Urban,IDA_B,"Fulfills general curriculum/education requirement;Required (Core) for Program, Minor, or Specialization;Interest in the subject;Reputation or peer recommendation of the instructor (faculty);Fits into my schedule","Lectures, including online lectures;Class discussions, including online discussion boards;In-class clickers or other quick response methods;In-class learning activities, other than discussions;Projects or portfolios;Teamwork or group activities;Student presentations",No,R1,R1,,R2,R7,R7,R6,R6,R6,R6,R6,R6,R1,R2,R1,R1,R5,R5,R5,R5,5,5,5,5,Yourself,Yourself,Yourself,Yourself,responsiblr for my own marks,No,NO,NO,NO,NO,NO,NO,NO,NO,Excellent (> 90%),it was amazing and very good
1rvu23bsc167,Female,18,57,Urban,IDA_B,"Fulfills general curriculum/education requirement;Required (Core) for Program, Minor, or Specialization;Interest in the subject;Reputation or peer recommendation of the instructor (faculty)","Lectures, including online lectures;Class discussions, including online discussion boards;In-class clickers or other quick response methods;In-class learning activities, other than discussions;Projects or portfolios;Teamwork or group activities;Student presentations",No,R4,R4,R4,R4,R5,R5,R4,R4,R8,R8,R7,R8,R2,R2,R2,R2,R4,R4,R3,R3,3,3,3,3,Yourself,Yourself,Yourself,Yourself,Im responsible for my performance ,No,Yes,Yes,Yes,Yes,NO,NO,NO,NO,Good (70 - 90%),I like this course 
1RVUBSC23051,Male,18,44,Urban,IDA_C,"Required (Core) for Program, Minor, or Specialization;Interest in the subject;Fits into my schedule","In-class learning activities, other than discussions;Outside-class homework, readings;Projects or portfolios;Teamwork or group activities",Yes,R2,R3,R2,R2,R2,R3,R4,R7,R1,R2,R3,R4,R2,R3,R2,R3,R4,R5,R4,R5,3,4,3,4,Yourself,NA(marks >2),Yourself,Circumstances,I should have studied better ,No,NO,Yes,NO,Yes,NO,Yes,Yes,NO,Good (70 - 90%),Good course 
1RVU23BSC130,Female,18,85,Urban,IDA_C,Interest in the subject,"Lectures, including online lectures;Class discussions, including online discussion boards;Projects or portfolios",Yes,R3,R3,R3,R3,R6,R6,R6,R6,R11,R11,R11,R11,R1,R1,R1,R1,R5,R5,R5,R5,4,4,4,4,NA(marks >2),NA(marks >2),NA(marks >2),NA(marks >2),I was pleased with my efforts ,No,NO,NO,NO,NO,NO,NO,NO,NO,Excellent (> 90%),It was a good learning experience 
1RVU23BSC024,Male,18,70,Urban,IDA_A,Interest in the subject,Projects or portfolios,Yes,R2,R2,R2,R2,R5,R5,R5,R5,R2,R2,R2,R2,R3,R3,R3,R3,R4,R4,R4,R1,3,3,3,3,NA(marks >2),NA(marks >2),NA(marks >2),NA(marks >2),Could have dont better but wasnt in the best physical/mental health,No,Yes,Yes,Yes,Yes,Yes,Yes,Yes,Yes,Okay (40 - 70%),Could have been better
1RVU23BSC175,Female,19,84.5,Urban,IDA_B,"Fulfills general curriculum/education requirement;Required (Core) for Program, Minor, or Specialization;Interest in the subject","Lectures, including online lectures;Class discussions, including online discussion boards;In-class clickers or other quick response methods;In-class learning activities, other than discussions;Projects or portfolios;Teamwork or group activities;Student presentations",Yes,R2,R2,R2,R2,R7,R7,R7,R7,R1,R1,R1,R1,R9,R9,R9,R9,R5,R5,R5,R5,4,4,4,4,NA(marks >2),NA(marks >2),NA(marks >2),NA(marks >2),I think I'm capable of getting more than 2,Yes,Yes,Yes,Yes,Yes,NO,NO,NO,NO,Excellent (> 90%),Excellent 
1RVU23BSC086,Female,17,69,Urban,IDA_B,"Required (Core) for Program, Minor, or Specialization;Interest in the subject","Lectures, including online lectures;Class discussions, including online discussion boards;In-class learning activities, other than discussions;Projects or portfolios;Teamwork or group activities;Student presentations",No,R2,R2,R2,R2,R7,R7,R7,R7,R1,R1,R1,R1,R1,R1,R1,R1,R5,R5,R5,R5,5,5,5,5,NA(marks >2),NA(marks >2),NA(marks >2),NA(marks >2),Peers mistake for not solving. ,No,NO,NO,NO,NO,NO,NO,NO,NO,Excellent (> 90%),Great course. Enjoyed learning it. 
1RVU23BSC104,Female,18,89.8,Urban,IDA_A,"Fulfills general curriculum/education requirement;Required (Core) for Program, Minor, or Specialization;Interest in the subject","Lectures, including online lectures;Class discussions, including online discussion boards;Teamwork or group activities",No,R2,R2,R3,R3,R3,R2,R3,R2,R2,R3,R2,R3,R2,R2,R2,R1,R2,R1,R2,R3,2,2,2,2,Yourself,Yourself,Yourself,Yourself,I'll be responsible,Yes,NO,NO,NO,NO,NO,NO,NO,NO,Good (70 - 90%),Good